HE_Idx;FaceIdx;initVert;finVert;nextEdge;twinEdge;
0;0;46;44;1;184;
1;0;44;2;2;17;
2;0;2;46;0;3;
3;3;46;2;4;2;
4;3;2;0;5;36;
5;3;0;46;3;281;
6;6;3;45;7;22;
7;6;45;47;8;191;
8;6;47;3;6;9;
9;9;3;47;10;8;
10;9;47;1;11;286;
11;9;1;3;9;43;
12;12;507;42;13;172;
13;12;42;4;14;0;
14;12;4;507;12;15;
15;15;507;4;16;14;
16;15;4;508;17;24;
17;15;508;507;15;1;
18;18;5;43;19;0;
19;18;43;509;20;179;
20;18;509;5;18;21;
21;21;5;509;22;20;
22;21;509;510;23;6;
23;21;510;5;21;31;
24;24;511;512;25;16;
25;24;512;6;26;0;
26;24;6;511;24;27;
27;27;511;6;28;26;
28;27;6;8;29;60;
29;27;8;511;27;37;
30;30;7;513;31;0;
31;30;513;514;32;23;
32;30;514;7;30;33;
33;33;7;514;34;32;
34;33;514;9;35;42;
35;33;9;7;33;67;
36;36;515;516;37;4;
37;36;516;517;38;29;
38;36;517;515;36;39;
39;39;515;517;40;38;
40;39;517;10;41;48;
41;39;10;515;39;269;
42;42;518;519;43;34;
43;42;519;520;44;11;
44;42;520;518;42;45;
45;45;518;520;46;44;
46;45;520;11;47;274;
47;45;11;518;45;55;
48;48;521;522;49;40;
49;48;522;14;50;65;
50;48;14;521;48;51;
51;51;521;14;52;50;
52;51;14;12;53;84;
53;51;12;521;51;257;
54;54;15;523;55;70;
55;54;523;524;56;47;
56;54;524;15;54;57;
57;57;15;524;58;56;
58;57;524;13;59;262;
59;57;13;15;57;91;
60;60;525;526;61;28;
61;60;526;16;62;0;
62;60;16;525;60;63;
63;63;525;16;64;62;
64;63;16;527;65;72;
65;63;527;525;63;49;
66;66;17;528;67;0;
67;66;528;529;68;35;
68;66;529;17;66;69;
69;69;17;529;70;68;
70;69;529;530;71;54;
71;69;530;17;69;79;
72;72;531;532;73;64;
73;72;532;18;74;0;
74;72;18;531;72;75;
75;75;531;18;76;74;
76;75;18;20;77;108;
77;75;20;531;75;85;
78;78;19;533;79;0;
79;78;533;534;80;71;
80;78;534;19;78;81;
81;81;19;534;82;80;
82;81;534;21;83;90;
83;81;21;19;81;115;
84;84;535;536;85;52;
85;84;536;537;86;77;
86;84;537;535;84;87;
87;87;535;537;88;86;
88;87;537;22;89;96;
89;87;22;535;87;245;
90;90;538;539;91;82;
91;90;539;540;92;59;
92;90;540;538;90;93;
93;93;538;540;94;92;
94;93;540;23;95;250;
95;93;23;538;93;103;
96;96;541;542;97;88;
97;96;542;26;98;113;
98;96;26;541;96;99;
99;99;541;26;100;98;
100;99;26;24;101;132;
101;99;24;541;99;233;
102;102;27;543;103;118;
103;102;543;544;104;95;
104;102;544;27;102;105;
105;105;27;544;106;104;
106;105;544;25;107;238;
107;105;25;27;105;139;
108;108;545;546;109;76;
109;108;546;28;110;0;
110;108;28;545;108;111;
111;111;545;28;112;110;
112;111;28;547;113;120;
113;111;547;545;111;97;
114;114;29;548;115;0;
115;114;548;549;116;83;
116;114;549;29;114;117;
117;117;29;549;118;116;
118;117;549;550;119;102;
119;117;550;29;117;127;
120;120;551;552;121;112;
121;120;552;30;122;0;
122;120;30;551;120;123;
123;123;551;30;124;122;
124;123;30;32;125;156;
125;123;32;551;123;133;
126;126;31;553;127;0;
127;126;553;554;128;119;
128;126;554;31;126;129;
129;129;31;554;130;128;
130;129;554;33;131;138;
131;129;33;31;129;163;
132;132;555;556;133;100;
133;132;556;557;134;125;
134;132;557;555;132;135;
135;135;555;557;136;134;
136;135;557;34;137;144;
137;135;34;555;135;221;
138;138;558;559;139;130;
139;138;559;560;140;107;
140;138;560;558;138;141;
141;141;558;560;142;140;
142;141;560;35;143;226;
143;141;35;558;141;151;
144;144;561;562;145;136;
145;144;562;38;146;161;
146;144;38;561;144;147;
147;147;561;38;148;146;
148;147;38;36;149;180;
149;147;36;561;147;209;
150;150;39;563;151;166;
151;150;563;564;152;143;
152;150;564;39;150;153;
153;153;39;564;154;152;
154;153;564;37;155;214;
155;153;37;39;153;187;
156;156;565;566;157;124;
157;156;566;40;158;0;
158;156;40;565;156;159;
159;159;565;40;160;158;
160;159;40;567;161;168;
161;159;567;565;159;145;
162;162;41;568;163;0;
163;162;568;569;164;131;
164;162;569;41;162;165;
165;165;41;569;166;164;
166;165;569;570;167;150;
167;165;570;41;165;175;
168;168;571;572;169;160;
169;168;572;573;170;0;
170;168;573;571;168;171;
171;171;571;573;172;170;
172;171;573;574;173;12;
173;171;574;571;171;181;
174;174;575;576;175;0;
175;174;576;577;176;167;
176;174;577;575;174;177;
177;177;575;577;178;176;
178;177;577;578;179;186;
179;177;578;575;177;19;
180;180;579;580;181;148;
181;180;580;581;182;173;
182;180;581;579;180;183;
183;183;579;581;184;182;
184;183;581;582;185;0;
185;183;582;579;183;197;
186;186;583;584;187;178;
187;186;584;585;188;155;
188;186;585;583;186;189;
189;189;583;585;190;188;
190;189;585;586;191;202;
191;189;586;583;189;7;
192;192;587;48;193;280;
193;192;48;50;194;331;
194;192;50;587;192;195;
195;195;587;50;196;194;
196;195;50;588;197;204;
197;195;588;587;195;185;
198;198;51;49;199;335;
199;198;49;589;200;287;
200;198;589;51;198;201;
201;201;51;589;202;200;
202;201;589;590;203;190;
203;201;590;51;201;211;
204;204;591;592;205;196;
205;204;592;52;206;325;
206;204;52;591;204;207;
207;207;591;52;208;206;
208;207;52;593;209;216;
209;207;593;591;207;149;
210;210;53;594;211;329;
211;210;594;595;212;203;
212;210;595;53;210;213;
213;213;53;595;214;212;
214;213;595;596;215;154;
215;213;596;53;213;223;
216;216;597;598;217;208;
217;216;598;54;218;319;
218;216;54;597;216;219;
219;219;597;54;220;218;
220;219;54;599;221;228;
221;219;599;597;219;137;
222;222;55;600;223;323;
223;222;600;601;224;215;
224;222;601;55;222;225;
225;225;55;601;226;224;
226;225;601;602;227;142;
227;225;602;55;225;235;
228;228;603;604;229;220;
229;228;604;56;230;313;
230;228;56;603;228;231;
231;231;603;56;232;230;
232;231;56;605;233;240;
233;231;605;603;231;101;
234;234;57;606;235;317;
235;234;606;607;236;227;
236;234;607;57;234;237;
237;237;57;607;238;236;
238;237;607;608;239;106;
239;237;608;57;237;247;
240;240;609;610;241;232;
241;240;610;58;242;307;
242;240;58;609;240;243;
243;243;609;58;244;242;
244;243;58;611;245;252;
245;243;611;609;243;89;
246;246;59;612;247;311;
247;246;612;613;248;239;
248;246;613;59;246;249;
249;249;59;613;250;248;
250;249;613;614;251;94;
251;249;614;59;249;259;
252;252;615;616;253;244;
253;252;616;62;254;301;
254;252;62;615;252;255;
255;255;615;62;256;254;
256;255;62;617;257;264;
257;255;617;615;255;53;
258;258;63;618;259;305;
259;258;618;619;260;251;
260;258;619;63;258;261;
261;261;63;619;262;260;
262;261;619;620;263;58;
263;261;620;63;261;271;
264;264;621;622;265;256;
265;264;622;64;266;296;
266;264;64;621;264;267;
267;267;621;64;268;266;
268;267;64;623;269;276;
269;267;623;621;267;41;
270;270;65;624;271;298;
271;270;624;625;272;263;
272;270;625;65;270;273;
273;273;65;625;274;272;
274;273;625;626;275;46;
275;273;626;65;273;283;
276;276;627;628;277;268;
277;276;628;629;278;289;
278;276;629;627;276;279;
279;279;627;629;280;278;
280;279;629;630;281;192;
281;279;630;627;279;5;
282;282;631;632;283;293;
283;282;632;633;284;275;
284;282;633;631;282;285;
285;285;631;633;286;284;
286;285;633;634;287;10;
287;285;634;631;285;199;
288;288;60;635;289;332;
289;288;635;636;290;277;
290;288;636;60;288;295;
291;291;637;61;292;334;
292;291;61;638;293;299;
293;291;638;637;291;282;
294;294;639;640;295;300;
295;294;640;641;296;290;
296;294;641;639;294;265;
297;297;642;643;298;303;
298;297;643;644;299;270;
299;297;644;642;297;292;
300;300;645;646;301;294;
301;300;646;647;302;253;
302;300;647;645;300;306;
303;303;648;649;304;297;
304;303;649;650;305;309;
305;303;650;648;303;258;
306;306;651;652;307;302;
307;306;652;653;308;241;
308;306;653;651;306;312;
309;309;654;655;310;304;
310;309;655;656;311;315;
311;309;656;654;309;246;
312;312;657;658;313;308;
313;312;658;659;314;229;
314;312;659;657;312;318;
315;315;660;661;316;310;
316;315;661;662;317;321;
317;315;662;660;315;234;
318;318;663;664;319;314;
319;318;664;665;320;217;
320;318;665;663;318;324;
321;321;666;667;322;316;
322;321;667;668;323;327;
323;321;668;666;321;222;
324;324;669;670;325;320;
325;324;670;671;326;205;
326;324;671;669;324;330;
327;327;672;673;328;322;
328;327;673;674;329;333;
329;327;674;672;327;210;
330;330;675;676;331;326;
331;330;676;677;332;193;
332;330;677;675;330;288;
333;333;678;679;334;328;
334;333;679;680;335;291;
335;333;680;678;333;198;
336;336;88;90;337;1571;
337;336;90;175;338;342;
338;336;175;88;336;339;
339;339;88;175;340;338;
340;339;175;173;341;673;
341;339;173;88;339;349;
342;342;681;682;343;337;
343;342;682;89;344;1576;
344;342;89;681;342;345;
345;345;681;89;346;344;
346;345;89;174;347;354;
347;345;174;681;345;678;
348;348;86;683;349;1583;
349;348;683;684;350;341;
350;348;684;86;348;351;
351;351;86;684;352;350;
352;351;684;171;353;685;
353;351;171;86;351;361;
354;354;685;686;355;346;
355;354;686;87;356;1588;
356;354;87;685;354;357;
357;357;685;87;358;356;
358;357;87;172;359;366;
359;357;172;685;357;690;
360;360;84;687;361;1595;
361;360;687;688;362;353;
362;360;688;84;360;363;
363;363;84;688;364;362;
364;363;688;169;365;697;
365;363;169;84;363;373;
366;366;689;690;367;358;
367;366;690;85;368;1600;
368;366;85;689;366;369;
369;369;689;85;370;368;
370;369;85;170;371;378;
371;369;170;689;369;702;
372;372;82;691;373;1607;
373;372;691;692;374;365;
374;372;692;82;372;375;
375;375;82;692;376;374;
376;375;692;167;377;724;
377;375;167;82;375;385;
378;378;693;694;379;370;
379;378;694;83;380;1612;
380;378;83;693;378;381;
381;381;693;83;382;380;
382;381;83;168;383;390;
383;381;168;693;381;731;
384;384;80;695;385;1655;
385;384;695;696;386;377;
386;384;696;80;384;387;
387;387;80;696;388;386;
388;387;696;165;389;708;
389;387;165;80;387;960;
390;390;697;698;391;382;
391;390;698;81;392;1660;
392;390;81;697;390;393;
393;393;697;81;394;392;
394;393;81;166;395;967;
395;393;166;697;393;715;
396;396;78;163;397;989;
397;396;163;145;398;616;
398;396;145;78;396;399;
399;399;78;145;400;398;
400;399;145;91;401;408;
401;399;91;78;399;1698;
402;402;146;164;403;623;
403;402;164;79;404;994;
404;402;79;146;402;405;
405;405;146;79;406;404;
406;405;79;92;407;1705;
407;405;92;146;405;415;
408;408;699;700;409;400;
409;408;700;147;410;604;
410;408;147;699;408;411;
411;411;699;147;412;410;
412;411;147;93;413;420;
413;411;93;699;411;1523;
414;414;148;701;415;611;
415;414;701;702;416;407;
416;414;702;148;414;417;
417;417;148;702;418;416;
418;417;702;94;419;1528;
419;417;94;148;417;427;
420;420;703;704;421;412;
421;420;704;149;422;592;
422;420;149;703;420;423;
423;423;703;149;424;422;
424;423;149;95;425;432;
425;423;95;703;423;1511;
426;426;150;705;427;599;
427;426;705;706;428;419;
428;426;706;150;426;429;
429;429;150;706;430;428;
430;429;706;96;431;1516;
431;429;96;150;429;439;
432;432;707;708;433;424;
433;432;708;151;434;580;
434;432;151;707;432;435;
435;435;707;151;436;434;
436;435;151;97;437;444;
437;435;97;707;435;1499;
438;438;152;709;439;587;
439;438;709;710;440;431;
440;438;710;152;438;441;
441;441;152;710;442;440;
442;441;710;98;443;1504;
443;441;98;152;441;451;
444;444;711;712;445;436;
445;444;712;153;446;568;
446;444;153;711;444;447;
447;447;711;153;448;446;
448;447;153;99;449;456;
449;447;99;711;447;1487;
450;450;154;713;451;575;
451;450;713;714;452;443;
452;450;714;154;450;453;
453;453;154;714;454;452;
454;453;714;100;455;1492;
455;453;100;154;453;463;
456;456;715;716;457;448;
457;456;716;155;458;556;
458;456;155;715;456;459;
459;459;715;155;460;458;
460;459;155;101;461;468;
461;459;101;715;459;1475;
462;462;156;717;463;563;
463;462;717;718;464;455;
464;462;718;156;462;465;
465;465;156;718;466;464;
466;465;718;102;467;1480;
467;465;102;156;465;475;
468;468;719;720;469;460;
469;468;720;157;470;544;
470;468;157;719;468;471;
471;471;719;157;472;470;
472;471;157;103;473;480;
473;471;103;719;471;1463;
474;474;158;721;475;551;
475;474;721;722;476;467;
476;474;722;158;474;477;
477;477;158;722;478;476;
478;477;722;104;479;1468;
479;477;104;158;477;487;
480;480;723;724;481;472;
481;480;724;159;482;529;
482;480;159;723;480;483;
483;483;723;159;484;482;
484;483;159;105;485;492;
485;483;105;723;483;1451;
486;486;160;725;487;534;
487;486;725;726;488;479;
488;486;726;160;486;489;
489;489;160;726;490;488;
490;489;726;106;491;1456;
491;489;106;160;489;499;
492;492;727;728;493;484;
493;492;728;161;494;517;
494;492;161;727;492;495;
495;495;727;161;496;494;
496;495;161;107;497;504;
497;495;107;727;495;1439;
498;498;162;729;499;522;
499;498;729;730;500;491;
500;498;730;162;498;501;
501;501;162;730;502;500;
502;501;730;108;503;1444;
503;501;108;162;501;511;
504;504;731;732;505;496;
505;504;732;67;506;640;
506;504;67;731;504;507;
507;507;731;67;508;506;
508;507;67;66;509;515;
509;507;66;731;507;1427;
510;510;733;734;511;647;
511;510;734;735;512;503;
512;510;735;733;510;513;
513;513;733;735;514;512;
514;513;735;736;515;1432;
515;513;736;733;513;508;
516;516;109;737;517;641;
517;516;737;738;518;493;
518;516;738;109;516;519;
519;519;109;738;520;518;
520;519;738;127;521;528;
521;519;127;109;519;1259;
522;522;739;740;523;498;
523;522;740;110;524;646;
524;522;110;739;522;525;
525;525;739;110;526;524;
526;525;110;128;527;1264;
527;525;128;739;525;535;
528;528;741;742;529;520;
529;528;742;743;530;481;
530;528;743;741;528;531;
531;531;741;743;532;530;
532;531;743;178;533;541;
533;531;178;741;531;1247;
534;534;744;745;535;486;
535;534;745;746;536;527;
536;534;746;744;534;537;
537;537;744;746;538;536;
538;537;746;179;539;1252;
539;537;179;744;537;546;
540;540;125;747;541;1235;
541;540;747;748;542;532;
542;540;748;125;540;543;
543;543;125;748;544;542;
544;543;748;749;545;469;
545;543;749;125;543;553;
546;546;750;751;547;539;
547;546;751;126;548;1240;
548;546;126;750;546;549;
549;549;750;126;550;548;
550;549;126;752;551;558;
551;549;752;750;549;474;
552;552;123;753;553;1223;
553;552;753;754;554;545;
554;552;754;123;552;555;
555;555;123;754;556;554;
556;555;754;755;557;457;
557;555;755;123;555;565;
558;558;756;757;559;550;
559;558;757;124;560;1228;
560;558;124;756;558;561;
561;561;756;124;562;560;
562;561;124;758;563;570;
563;561;758;756;561;462;
564;564;121;759;565;1211;
565;564;759;760;566;557;
566;564;760;121;564;567;
567;567;121;760;568;566;
568;567;760;761;569;445;
569;567;761;121;567;577;
570;570;762;763;571;562;
571;570;763;122;572;1216;
572;570;122;762;570;573;
573;573;762;122;574;572;
574;573;122;764;575;582;
575;573;764;762;573;450;
576;576;119;765;577;1199;
577;576;765;766;578;569;
578;576;766;119;576;579;
579;579;119;766;580;578;
580;579;766;767;581;433;
581;579;767;119;579;589;
582;582;768;769;583;574;
583;582;769;120;584;1204;
584;582;120;768;582;585;
585;585;768;120;586;584;
586;585;120;770;587;594;
587;585;770;768;585;438;
588;588;117;771;589;1187;
589;588;771;772;590;581;
590;588;772;117;588;591;
591;591;117;772;592;590;
592;591;772;773;593;421;
593;591;773;117;591;601;
594;594;774;775;595;586;
595;594;775;118;596;1192;
596;594;118;774;594;597;
597;597;774;118;598;596;
598;597;118;776;599;606;
599;597;776;774;597;426;
600;600;115;777;601;1175;
601;600;777;778;602;593;
602;600;778;115;600;603;
603;603;115;778;604;602;
604;603;778;779;605;409;
605;603;779;115;603;613;
606;606;780;781;607;598;
607;606;781;116;608;1180;
608;606;116;780;606;609;
609;609;780;116;610;608;
610;609;116;782;611;618;
611;609;782;780;609;414;
612;612;113;783;613;1163;
613;612;783;784;614;605;
614;612;784;113;612;615;
615;615;113;784;616;614;
616;615;784;785;617;397;
617;615;785;113;615;624;
618;618;786;787;619;610;
619;618;787;114;620;1168;
620;618;114;786;618;621;
621;621;786;114;622;620;
622;621;114;788;623;631;
623;621;788;786;621;402;
624;624;789;790;625;617;
625;624;790;176;626;913;
626;624;176;789;624;627;
627;627;789;176;628;626;
628;627;176;180;629;665;
629;627;180;789;627;1151;
630;630;791;792;631;918;
631;630;792;793;632;622;
632;630;793;791;630;633;
633;633;791;793;634;632;
634;633;793;181;635;1156;
635;633;181;791;633;670;
636;636;794;111;637;1139;
637;636;111;795;638;653;
638;636;795;794;636;639;
639;639;794;795;640;638;
640;639;795;796;641;505;
641;639;796;794;639;516;
642;642;797;112;643;658;
643;642;112;798;644;1144;
644;642;798;797;642;645;
645;645;797;798;646;644;
646;645;798;799;647;523;
647;645;799;797;645;510;
648;648;800;182;649;1127;
649;648;182;177;650;661;
650;648;177;800;648;651;
651;651;800;177;652;650;
652;651;177;801;653;659;
653;651;801;800;651;637;
654;654;802;183;655;666;
655;654;183;803;656;1132;
656;654;803;802;654;657;
657;657;802;803;658;656;
658;657;803;804;659;642;
659;657;804;802;657;652;
660;660;805;806;661;667;
661;660;806;807;662;649;
662;660;807;805;660;663;
663;663;805;807;664;662;
664;663;807;808;665;1115;
665;663;808;805;663;628;
666;666;809;806;667;654;
667;666;806;805;668;660;
668;666;805;809;666;669;
669;669;809;805;670;668;
670;669;805;810;671;635;
671;669;810;809;669;1120;
672;672;134;811;673;688;
673;672;811;812;674;340;
674;672;812;134;672;675;
675;675;134;812;676;674;
676;675;812;136;677;683;
677;675;136;134;675;1037;
678;678;813;814;679;347;
679;678;814;135;680;695;
680;678;135;813;678;681;
681;681;813;135;682;680;
682;681;135;815;683;1042;
683;681;815;813;681;676;
684;684;132;816;685;700;
685;684;816;817;686;352;
686;684;817;132;684;687;
687;687;132;817;688;686;
688;687;817;818;689;672;
689;687;818;132;687;1025;
690;690;819;820;691;359;
691;690;820;133;692;707;
692;690;133;819;690;693;
693;693;819;133;694;692;
694;693;133;821;695;1030;
695;693;821;819;693;679;
696;696;130;822;697;725;
697;696;822;823;698;364;
698;696;823;130;696;699;
699;699;130;823;700;698;
700;699;823;824;701;684;
701;699;824;130;699;1013;
702;702;825;826;703;371;
703;702;826;131;704;730;
704;702;131;825;702;705;
705;705;825;131;706;704;
706;705;131;827;707;1018;
707;705;827;825;705;691;
708;708;828;829;709;388;
709;708;829;184;710;721;
710;708;184;828;708;711;
711;711;828;184;712;710;
712;711;184;186;713;749;
713;711;186;828;711;952;
714;714;185;830;715;726;
715;714;830;831;716;395;
716;714;831;185;714;717;
717;717;185;831;718;716;
718;717;831;187;719;959;
719;717;187;185;717;754;
720;720;832;833;721;760;
721;720;833;834;722;709;
722;720;834;832;720;723;
723;723;832;834;724;722;
724;723;834;835;725;376;
725;723;835;832;723;696;
726;726;836;837;727;714;
727;726;837;838;728;767;
728;726;838;836;726;729;
729;729;836;838;730;728;
730;729;838;839;731;703;
731;729;839;836;729;383;
732;732;143;840;733;953;
733;732;840;188;734;748;
734;732;188;143;732;735;
735;735;143;188;736;734;
736;735;188;189;737;740;
737;735;189;143;735;821;
738;738;188;144;739;743;
739;738;144;189;740;826;
740;738;189;188;738;736;
741;741;188;841;742;755;
742;741;841;144;743;958;
743;741;144;188;741;738;
744;744;842;68;745;757;
745;744;68;843;746;750;
746;744;843;842;744;747;
747;747;842;843;748;746;
748;747;843;844;749;733;
749;747;844;842;747;712;
750;750;843;68;751;745;
751;750;68;845;752;762;
752;750;845;843;750;753;
753;753;843;845;754;752;
754;753;845;846;755;719;
755;753;846;843;753;741;
756;756;129;847;757;763;
757;756;847;848;758;744;
758;756;848;129;756;759;
759;759;129;848;760;758;
760;759;848;849;761;720;
761;759;849;129;759;1001;
762;762;850;847;763;751;
763;762;847;129;764;756;
764;762;129;850;762;765;
765;765;850;129;766;764;
766;765;129;851;767;1006;
767;765;851;850;765;727;
768;768;141;852;769;941;
769;768;852;190;770;820;
770;768;190;141;768;771;
771;771;141;190;772;770;
772;771;190;192;773;876;
773;771;192;141;771;781;
774;774;191;853;775;827;
775;774;853;142;776;946;
776;774;142;191;774;777;
777;777;191;142;778;776;
778;777;142;193;779;786;
779;777;193;191;777;883;
780;780;139;854;781;929;
781;780;854;855;782;773;
782;780;855;139;780;783;
783;783;139;855;784;782;
784;783;855;194;785;864;
785;783;194;139;783;793;
786;786;856;857;787;778;
787;786;857;140;788;934;
788;786;140;856;786;789;
789;789;856;140;790;788;
790;789;140;195;791;798;
791;789;195;856;789;871;
792;792;138;858;793;917;
793;792;858;859;794;785;
794;792;859;138;792;795;
795;795;138;859;796;794;
796;795;859;196;797;852;
797;795;196;138;795;805;
798;798;860;861;799;790;
799;798;861;862;800;922;
800;798;862;860;798;801;
801;801;860;862;802;800;
802;801;862;197;803;810;
803;801;197;860;801;859;
804;804;137;863;805;811;
805;804;863;864;806;797;
806;804;864;137;804;807;
807;807;137;864;808;806;
808;807;864;70;809;840;
809;807;70;137;807;814;
810;810;865;866;811;802;
811;810;866;867;812;804;
812;810;867;865;810;813;
813;813;865;867;814;812;
814;813;867;868;815;809;
815;813;868;865;813;847;
816;816;869;69;817;823;
817;816;69;870;818;833;
818;816;870;869;816;819;
819;819;869;870;820;818;
820;819;870;871;821;769;
821;819;871;869;819;737;
822;822;872;873;823;838;
823;822;873;874;824;816;
824;822;874;872;822;825;
825;825;872;874;826;824;
826;825;874;875;827;739;
827;825;875;872;825;774;
828;828;876;207;829;835;
829;828;207;205;830;904;
830;828;205;876;828;831;
831;831;876;205;832;830;
832;831;205;877;833;877;
833;831;877;876;831;817;
834;834;206;878;835;911;
835;834;878;879;836;828;
836;834;879;206;834;837;
837;837;206;879;838;836;
838;837;879;880;839;822;
839;837;880;206;837;882;
840;840;881;882;841;808;
841;840;882;199;842;857;
842;840;199;881;840;843;
843;843;881;199;844;842;
844;843;199;198;845;888;
845;843;198;881;843;850;
846;846;200;883;847;862;
847;846;883;884;848;815;
848;846;884;200;846;849;
849;849;200;884;850;848;
850;849;884;885;851;845;
851;849;885;200;849;895;
852;852;886;887;853;796;
853;852;887;201;854;869;
854;852;201;886;852;855;
855;855;886;201;856;854;
856;855;201;888;857;889;
857;855;888;886;855;841;
858;858;202;889;859;874;
859;858;889;890;860;803;
860;858;890;202;858;861;
861;861;202;890;862;860;
862;861;890;891;863;846;
863;861;891;202;861;894;
864;864;892;893;865;784;
865;864;893;203;866;881;
866;864;203;892;864;867;
867;867;892;203;868;866;
868;867;203;894;869;892;
869;867;894;892;867;853;
870;870;204;895;871;886;
871;870;895;896;872;791;
872;870;896;204;870;873;
873;873;204;896;874;872;
874;873;896;897;875;858;
875;873;897;204;873;899;
876;876;898;899;877;772;
877;876;899;900;878;832;
878;876;900;898;876;879;
879;879;898;900;880;878;
880;879;900;901;881;901;
881;879;901;898;879;865;
882;882;902;903;883;839;
883;882;903;904;884;779;
884;882;904;902;882;885;
885;885;902;904;886;884;
886;885;904;905;887;870;
887;885;905;902;885;906;
888;888;906;907;889;844;
889;888;907;908;890;856;
890;888;908;906;888;891;
891;891;906;908;892;890;
892;891;908;909;893;868;
893;891;909;906;891;900;
894;894;910;911;895;863;
895;894;911;912;896;851;
896;894;912;910;894;897;
897;897;910;912;898;896;
898;897;912;913;899;907;
899;897;913;910;897;875;
900;900;914;915;901;893;
901;900;915;916;902;880;
902;900;916;914;900;903;
903;903;914;916;904;902;
904;903;916;917;905;829;
905;903;917;914;903;910;
906;906;918;919;907;887;
907;906;919;920;908;898;
908;906;920;918;906;909;
909;909;918;920;910;908;
910;909;920;921;911;905;
911;909;921;918;909;834;
912;912;922;923;913;919;
913;912;923;924;914;625;
914;912;924;922;912;915;
915;915;922;924;916;914;
916;915;924;925;917;924;
917;915;925;922;915;792;
918;918;926;927;919;630;
919;918;927;928;920;912;
920;918;928;926;918;921;
921;921;926;928;922;920;
922;921;928;929;923;799;
923;921;929;926;921;931;
924;924;930;931;925;916;
925;924;931;210;926;988;
926;924;210;930;924;927;
927;927;930;210;928;926;
928;927;210;932;929;936;
929;927;932;930;927;780;
930;930;211;933;931;995;
931;930;933;934;932;923;
932;930;934;211;930;933;
933;933;211;934;934;932;
934;933;934;935;935;787;
935;933;935;211;933;943;
936;936;936;937;937;928;
937;936;937;212;938;973;
938;936;212;936;936;939;
939;939;936;212;940;938;
940;939;212;938;941;948;
941;939;938;936;939;768;
942;942;213;939;943;978;
943;942;939;940;944;935;
944;942;940;213;942;945;
945;945;213;940;946;944;
946;945;940;941;947;775;
947;945;941;213;945;955;
948;948;942;943;949;940;
949;948;943;944;950;961;
950;948;944;942;948;951;
951;951;942;944;952;950;
952;951;944;945;953;713;
953;951;945;942;951;732;
954;954;946;947;955;966;
955;954;947;948;956;947;
956;954;948;946;954;957;
957;957;946;948;958;956;
958;957;948;949;959;742;
959;957;949;946;957;718;
960;960;950;951;961;389;
961;960;951;952;962;949;
962;960;952;950;960;963;
963;963;950;952;964;962;
964;963;952;208;965;972;
965;963;208;950;963;1674;
966;966;953;954;967;954;
967;966;954;955;968;394;
968;966;955;953;966;969;
969;969;953;955;970;968;
970;969;955;209;971;1681;
971;969;209;953;969;979;
972;972;956;957;973;964;
973;972;957;958;974;937;
974;972;958;956;972;975;
975;975;956;958;976;974;
976;975;958;214;977;985;
977;975;214;956;975;1662;
978;978;959;960;979;942;
979;978;960;961;980;971;
980;978;961;959;978;981;
981;981;959;961;982;980;
982;981;961;215;983;1669;
983;981;215;959;981;990;
984;984;962;963;985;1691;
985;984;963;964;986;976;
986;984;964;962;984;987;
987;987;962;964;988;986;
988;987;964;965;989;925;
989;987;965;962;987;396;
990;990;966;967;991;983;
991;990;967;968;992;1696;
992;990;968;966;990;993;
993;993;966;968;994;992;
994;993;968;969;995;403;
995;993;969;966;993;930;
996;996;970;221;997;1012;
997;996;221;71;998;1085;
998;996;71;970;996;999;
999;999;970;71;1000;998;
1000;999;71;971;1001;1007;
1001;999;971;970;999;761;
1002;1002;972;222;1003;1090;
1003;1002;222;973;1004;1019;
1004;1002;973;972;1002;1005;
1005;1005;972;973;1006;1004;
1006;1005;973;974;1007;766;
1007;1005;974;972;1005;1000;
1008;1008;975;219;1009;1024;
1009;1008;219;976;1010;1073;
1010;1008;976;975;1008;1011;
1011;1011;975;976;1012;1010;
1012;1011;976;977;1013;996;
1013;1011;977;975;1011;701;
1014;1014;978;220;1015;1078;
1015;1014;220;979;1016;1031;
1016;1014;979;978;1014;1017;
1017;1017;978;979;1018;1016;
1018;1017;979;980;1019;706;
1019;1017;980;978;1017;1003;
1020;1020;981;217;1021;1036;
1021;1020;217;982;1022;1061;
1022;1020;982;981;1020;1023;
1023;1023;981;982;1024;1022;
1024;1023;982;983;1025;1008;
1025;1023;983;981;1023;689;
1026;1026;984;218;1027;1066;
1027;1026;218;985;1028;1043;
1028;1026;985;984;1026;1029;
1029;1029;984;985;1030;1028;
1030;1029;985;986;1031;694;
1031;1029;986;984;1029;1015;
1032;1032;987;216;1033;1039;
1033;1032;216;988;1034;1049;
1034;1032;988;987;1032;1035;
1035;1035;987;988;1036;1034;
1036;1035;988;989;1037;1020;
1037;1035;989;987;1035;677;
1038;1038;990;991;1039;1054;
1039;1038;991;992;1040;1032;
1040;1038;992;990;1038;1041;
1041;1041;990;992;1042;1040;
1042;1041;992;993;1043;682;
1043;1041;993;990;1041;1027;
1044;1044;994;230;1045;1051;
1045;1044;230;228;1046;1096;
1046;1044;228;994;1044;1047;
1047;1047;994;228;1048;1046;
1048;1047;228;995;1049;1056;
1049;1047;995;994;1047;1033;
1050;1050;229;996;1051;1103;
1051;1050;996;997;1052;1044;
1052;1050;997;229;1050;1053;
1053;1053;229;997;1054;1052;
1054;1053;997;998;1055;1038;
1055;1053;998;229;1053;1063;
1056;1056;999;1000;1057;1048;
1057;1056;1000;226;1058;1105;
1058;1056;226;999;1056;1059;
1059;1059;999;226;1060;1058;
1060;1059;226;1001;1061;1068;
1061;1059;1001;999;1059;1021;
1062;1062;227;1002;1063;1109;
1063;1062;1002;1003;1064;1055;
1064;1062;1003;227;1062;1065;
1065;1065;227;1003;1066;1064;
1066;1065;1003;1004;1067;1026;
1067;1065;1004;227;1065;1075;
1068;1068;1005;1006;1069;1060;
1069;1068;1006;224;1070;1104;
1070;1068;224;1005;1068;1071;
1071;1071;1005;224;1072;1070;
1072;1071;224;1007;1073;1080;
1073;1071;1007;1005;1071;1009;
1074;1074;225;1008;1075;1107;
1075;1074;1008;1009;1076;1067;
1076;1074;1009;225;1074;1077;
1077;1077;225;1009;1078;1076;
1078;1077;1009;1010;1079;1014;
1079;1077;1010;225;1077;1087;
1080;1080;1011;1012;1081;1072;
1081;1080;1012;223;1082;1092;
1082;1080;223;1011;1080;1083;
1083;1083;1011;223;1084;1082;
1084;1083;223;1013;1085;1091;
1085;1083;1013;1011;1083;997;
1086;1086;1014;1015;1087;1099;
1087;1086;1015;1016;1088;1079;
1088;1086;1016;1014;1086;1089;
1089;1089;1014;1016;1090;1088;
1090;1089;1016;1017;1091;1002;
1091;1089;1017;1014;1089;1084;
1092;1092;1018;1019;1093;1081;
1093;1092;1019;1020;1094;1106;
1094;1092;1020;1018;1092;1095;
1095;1095;1018;1020;1096;1094;
1096;1095;1020;1021;1097;1045;
1097;1095;1021;1018;1095;1102;
1098;1098;1022;1023;1099;1108;
1099;1098;1023;1024;1100;1086;
1100;1098;1024;1022;1098;1101;
1101;1101;1022;1024;1102;1100;
1102;1101;1024;1025;1103;1097;
1103;1101;1025;1022;1101;1050;
1104;1104;1026;1027;1105;1069;
1105;1104;1027;1028;1106;1057;
1106;1104;1028;1026;1104;1093;
1107;1107;1029;1030;1108;1074;
1108;1107;1030;1031;1109;1098;
1109;1107;1031;1029;1107;1062;
1110;1110;1032;231;1111;1126;
1111;1110;231;233;1112;1415;
1112;1110;233;1032;1110;1113;
1113;1113;1032;233;1114;1112;
1114;1113;233;1033;1115;1146;
1115;1113;1033;1032;1113;664;
1116;1116;234;232;1117;1420;
1117;1116;232;1034;1118;1133;
1118;1116;1034;234;1116;1119;
1119;1119;234;1034;1120;1118;
1120;1119;1034;1035;1121;671;
1121;1119;1035;234;1119;1153;
1122;1122;1036;253;1123;1138;
1123;1122;253;1037;1124;1403;
1124;1122;1037;1036;1122;1125;
1125;1125;1036;1037;1126;1124;
1126;1125;1037;1038;1127;1110;
1127;1125;1038;1036;1125;648;
1128;1128;1039;254;1129;1408;
1129;1128;254;1040;1130;1145;
1130;1128;1040;1039;1128;1131;
1131;1131;1039;1040;1132;1130;
1132;1131;1040;1041;1133;655;
1133;1131;1041;1039;1131;1117;
1134;1134;1042;255;1135;1258;
1135;1134;255;1043;1136;1391;
1136;1134;1043;1042;1134;1137;
1137;1137;1042;1043;1138;1136;
1138;1137;1043;1044;1139;1122;
1139;1137;1044;1042;1137;636;
1140;1140;1045;256;1141;1396;
1141;1140;256;1046;1142;1265;
1142;1140;1046;1045;1140;1143;
1143;1143;1045;1046;1144;1142;
1144;1143;1046;1047;1145;643;
1145;1143;1047;1045;1143;1129;
1146;1146;1048;1049;1147;1114;
1147;1146;1049;251;1148;1379;
1148;1146;251;1048;1146;1149;
1149;1149;1048;251;1150;1148;
1150;1149;251;1050;1151;1158;
1151;1149;1050;1048;1149;629;
1152;1152;252;1051;1153;1384;
1153;1152;1051;1052;1154;1121;
1154;1152;1052;252;1152;1155;
1155;1155;252;1052;1156;1154;
1156;1155;1052;1053;1157;634;
1157;1155;1053;252;1155;1165;
1158;1158;1054;1055;1159;1150;
1159;1158;1055;249;1160;1367;
1160;1158;249;1054;1158;1161;
1161;1161;1054;249;1162;1160;
1162;1161;249;1056;1163;1170;
1163;1161;1056;1054;1161;612;
1164;1164;250;1057;1165;1372;
1165;1164;1057;1058;1166;1157;
1166;1164;1058;250;1164;1167;
1167;1167;250;1058;1168;1166;
1168;1167;1058;1059;1169;619;
1169;1167;1059;250;1167;1177;
1170;1170;1060;1061;1171;1162;
1171;1170;1061;247;1172;1355;
1172;1170;247;1060;1170;1173;
1173;1173;1060;247;1174;1172;
1174;1173;247;1062;1175;1182;
1175;1173;1062;1060;1173;600;
1176;1176;248;1063;1177;1360;
1177;1176;1063;1064;1178;1169;
1178;1176;1064;248;1176;1179;
1179;1179;248;1064;1180;1178;
1180;1179;1064;1065;1181;607;
1181;1179;1065;248;1179;1189;
1182;1182;1066;1067;1183;1174;
1183;1182;1067;245;1184;1343;
1184;1182;245;1066;1182;1185;
1185;1185;1066;245;1186;1184;
1186;1185;245;1068;1187;1194;
1187;1185;1068;1066;1185;588;
1188;1188;246;1069;1189;1348;
1189;1188;1069;1070;1190;1181;
1190;1188;1070;246;1188;1191;
1191;1191;246;1070;1192;1190;
1192;1191;1070;1071;1193;595;
1193;1191;1071;246;1191;1201;
1194;1194;1072;1073;1195;1186;
1195;1194;1073;243;1196;1331;
1196;1194;243;1072;1194;1197;
1197;1197;1072;243;1198;1196;
1198;1197;243;1074;1199;1206;
1199;1197;1074;1072;1197;576;
1200;1200;244;1075;1201;1336;
1201;1200;1075;1076;1202;1193;
1202;1200;1076;244;1200;1203;
1203;1203;244;1076;1204;1202;
1204;1203;1076;1077;1205;583;
1205;1203;1077;244;1203;1213;
1206;1206;1078;1079;1207;1198;
1207;1206;1079;241;1208;1319;
1208;1206;241;1078;1206;1209;
1209;1209;1078;241;1210;1208;
1210;1209;241;1080;1211;1218;
1211;1209;1080;1078;1209;564;
1212;1212;242;1081;1213;1324;
1213;1212;1081;1082;1214;1205;
1214;1212;1082;242;1212;1215;
1215;1215;242;1082;1216;1214;
1216;1215;1082;1083;1217;571;
1217;1215;1083;242;1215;1225;
1218;1218;1084;1085;1219;1210;
1219;1218;1085;239;1220;1307;
1220;1218;239;1084;1218;1221;
1221;1221;1084;239;1222;1220;
1222;1221;239;1086;1223;1230;
1223;1221;1086;1084;1221;552;
1224;1224;240;1087;1225;1312;
1225;1224;1087;1088;1226;1217;
1226;1224;1088;240;1224;1227;
1227;1227;240;1088;1228;1226;
1228;1227;1088;1089;1229;559;
1229;1227;1089;240;1227;1237;
1230;1230;1090;1091;1231;1222;
1231;1230;1091;235;1232;1295;
1232;1230;235;1090;1230;1233;
1233;1233;1090;235;1234;1232;
1234;1233;235;1092;1235;1242;
1235;1233;1092;1090;1233;540;
1236;1236;236;1093;1237;1300;
1237;1236;1093;1094;1238;1229;
1238;1236;1094;236;1236;1239;
1239;1239;236;1094;1240;1238;
1240;1239;1094;1095;1241;547;
1241;1239;1095;236;1239;1249;
1242;1242;1096;1097;1243;1234;
1243;1242;1097;237;1244;1283;
1244;1242;237;1096;1242;1245;
1245;1245;1096;237;1246;1244;
1246;1245;237;1098;1247;1254;
1247;1245;1098;1096;1245;533;
1248;1248;238;1099;1249;1288;
1249;1248;1099;1100;1250;1241;
1250;1248;1100;238;1248;1251;
1251;1251;238;1100;1252;1250;
1252;1251;1100;1101;1253;538;
1253;1251;1101;238;1251;1261;
1254;1254;1102;1103;1255;1246;
1255;1254;1103;1104;1256;1271;
1256;1254;1104;1102;1254;1257;
1257;1257;1102;1104;1258;1256;
1258;1257;1104;1105;1259;1134;
1259;1257;1105;1102;1257;521;
1260;1260;1106;1107;1261;1276;
1261;1260;1107;1108;1262;1253;
1262;1260;1108;1106;1260;1263;
1263;1263;1106;1108;1264;1262;
1264;1263;1108;1109;1265;526;
1265;1263;1109;1106;1263;1141;
1266;1266;1110;275;1267;1282;
1267;1266;275;257;1268;0;
1268;1266;257;1110;1266;1269;
1269;1269;1110;257;1270;1268;
1270;1269;257;1111;1271;1386;
1271;1269;1111;1110;1269;1255;
1272;1272;258;276;1273;0;
1273;1272;276;1112;1274;1289;
1274;1272;1112;258;1272;1275;
1275;1275;258;1112;1276;1274;
1276;1275;1112;1113;1277;1260;
1277;1275;1113;258;1275;1393;
1278;1278;1114;277;1279;1294;
1279;1278;277;1115;1280;0;
1280;1278;1115;1114;1278;1281;
1281;1281;1114;1115;1282;1280;
1282;1281;1115;1116;1283;1266;
1283;1281;1116;1114;1281;1243;
1284;1284;1117;278;1285;0;
1285;1284;278;1118;1286;1301;
1286;1284;1118;1117;1284;1287;
1287;1287;1117;1118;1288;1286;
1288;1287;1118;1119;1289;1248;
1289;1287;1119;1117;1287;1273;
1290;1290;1120;273;1291;1306;
1291;1290;273;1121;1292;0;
1292;1290;1121;1120;1290;1293;
1293;1293;1120;1121;1294;1292;
1294;1293;1121;1122;1295;1278;
1295;1293;1122;1120;1293;1231;
1296;1296;1123;274;1297;0;
1297;1296;274;1124;1298;1313;
1298;1296;1124;1123;1296;1299;
1299;1299;1123;1124;1300;1298;
1300;1299;1124;1125;1301;1236;
1301;1299;1125;1123;1299;1285;
1302;1302;1126;271;1303;1318;
1303;1302;271;1127;1304;0;
1304;1302;1127;1126;1302;1305;
1305;1305;1126;1127;1306;1304;
1306;1305;1127;1128;1307;1290;
1307;1305;1128;1126;1305;1219;
1308;1308;1129;272;1309;0;
1309;1308;272;1130;1310;1325;
1310;1308;1130;1129;1308;1311;
1311;1311;1129;1130;1312;1310;
1312;1311;1130;1131;1313;1224;
1313;1311;1131;1129;1311;1297;
1314;1314;1132;269;1315;1330;
1315;1314;269;1133;1316;0;
1316;1314;1133;1132;1314;1317;
1317;1317;1132;1133;1318;1316;
1318;1317;1133;1134;1319;1302;
1319;1317;1134;1132;1317;1207;
1320;1320;1135;270;1321;0;
1321;1320;270;1136;1322;1337;
1322;1320;1136;1135;1320;1323;
1323;1323;1135;1136;1324;1322;
1324;1323;1136;1137;1325;1212;
1325;1323;1137;1135;1323;1309;
1326;1326;1138;267;1327;1342;
1327;1326;267;1139;1328;0;
1328;1326;1139;1138;1326;1329;
1329;1329;1138;1139;1330;1328;
1330;1329;1139;1140;1331;1314;
1331;1329;1140;1138;1329;1195;
1332;1332;1141;268;1333;0;
1333;1332;268;1142;1334;1349;
1334;1332;1142;1141;1332;1335;
1335;1335;1141;1142;1336;1334;
1336;1335;1142;1143;1337;1200;
1337;1335;1143;1141;1335;1321;
1338;1338;1144;265;1339;1354;
1339;1338;265;1145;1340;0;
1340;1338;1145;1144;1338;1341;
1341;1341;1144;1145;1342;1340;
1342;1341;1145;1146;1343;1326;
1343;1341;1146;1144;1341;1183;
1344;1344;1147;266;1345;0;
1345;1344;266;1148;1346;1361;
1346;1344;1148;1147;1344;1347;
1347;1347;1147;1148;1348;1346;
1348;1347;1148;1149;1349;1188;
1349;1347;1149;1147;1347;1333;
1350;1350;1150;263;1351;1366;
1351;1350;263;1151;1352;0;
1352;1350;1151;1150;1350;1353;
1353;1353;1150;1151;1354;1352;
1354;1353;1151;1152;1355;1338;
1355;1353;1152;1150;1353;1171;
1356;1356;1153;264;1357;0;
1357;1356;264;1154;1358;1373;
1358;1356;1154;1153;1356;1359;
1359;1359;1153;1154;1360;1358;
1360;1359;1154;1155;1361;1176;
1361;1359;1155;1153;1359;1345;
1362;1362;1156;261;1363;1378;
1363;1362;261;1157;1364;0;
1364;1362;1157;1156;1362;1365;
1365;1365;1156;1157;1366;1364;
1366;1365;1157;1158;1367;1350;
1367;1365;1158;1156;1365;1159;
1368;1368;1159;262;1369;0;
1369;1368;262;1160;1370;1385;
1370;1368;1160;1159;1368;1371;
1371;1371;1159;1160;1372;1370;
1372;1371;1160;1161;1373;1164;
1373;1371;1161;1159;1371;1357;
1374;1374;1162;279;1375;1414;
1375;1374;279;1163;1376;0;
1376;1374;1163;1162;1374;1377;
1377;1377;1162;1163;1378;1376;
1378;1377;1163;1164;1379;1362;
1379;1377;1164;1162;1377;1147;
1380;1380;1165;280;1381;0;
1381;1380;280;1166;1382;1421;
1382;1380;1166;1165;1380;1383;
1383;1383;1165;1166;1384;1382;
1384;1383;1166;1167;1385;1152;
1385;1383;1167;1165;1383;1369;
1386;1386;1168;1169;1387;1270;
1387;1386;1169;259;1388;0;
1388;1386;259;1168;1386;1389;
1389;1389;1168;259;1390;1388;
1390;1389;259;1170;1391;1398;
1391;1389;1170;1168;1389;1135;
1392;1392;260;1171;1393;0;
1393;1392;1171;1172;1394;1277;
1394;1392;1172;260;1392;1395;
1395;1395;260;1172;1396;1394;
1396;1395;1172;1173;1397;1140;
1397;1395;1173;260;1395;1405;
1398;1398;1174;1175;1399;1390;
1399;1398;1175;281;1400;0;
1400;1398;281;1174;1398;1401;
1401;1401;1174;281;1402;1400;
1402;1401;281;1176;1403;1410;
1403;1401;1176;1174;1401;1123;
1404;1404;282;1177;1405;0;
1405;1404;1177;1178;1406;1397;
1406;1404;1178;282;1404;1407;
1407;1407;282;1178;1408;1406;
1408;1407;1178;1179;1409;1128;
1409;1407;1179;282;1407;1417;
1410;1410;1180;1181;1411;1402;
1411;1410;1181;1182;1412;0;
1412;1410;1182;1180;1410;1413;
1413;1413;1180;1182;1414;1412;
1414;1413;1182;1183;1415;1374;
1415;1413;1183;1180;1413;1111;
1416;1416;1184;1185;1417;0;
1417;1416;1185;1186;1418;1409;
1418;1416;1186;1184;1416;1419;
1419;1419;1184;1186;1420;1418;
1420;1419;1186;1187;1421;1116;
1421;1419;1187;1184;1419;1381;
1422;1422;1188;72;1423;1429;
1423;1422;72;283;1424;1988;
1424;1422;283;1188;1422;1425;
1425;1425;1188;283;1426;1424;
1426;1425;283;1189;1427;1434;
1427;1425;1189;1188;1425;509;
1428;1428;284;1190;1429;1990;
1429;1428;1190;1191;1430;1422;
1430;1428;1191;284;1428;1431;
1431;1431;284;1191;1432;1430;
1432;1431;1191;1192;1433;514;
1433;1431;1192;284;1431;1441;
1434;1434;1193;1194;1435;1426;
1435;1434;1194;285;1436;1967;
1436;1434;285;1193;1434;1437;
1437;1437;1193;285;1438;1436;
1438;1437;285;1195;1439;1446;
1439;1437;1195;1193;1437;497;
1440;1440;286;1196;1441;1972;
1441;1440;1196;1197;1442;1433;
1442;1440;1197;286;1440;1443;
1443;1443;286;1197;1444;1442;
1444;1443;1197;1198;1445;502;
1445;1443;1198;286;1443;1453;
1446;1446;1199;1200;1447;1438;
1447;1446;1200;287;1448;1966;
1448;1446;287;1199;1446;1449;
1449;1449;1199;287;1450;1448;
1450;1449;287;1201;1451;1458;
1451;1449;1201;1199;1449;485;
1452;1452;288;1202;1453;1973;
1453;1452;1202;1203;1454;1445;
1454;1452;1203;288;1452;1455;
1455;1455;288;1203;1456;1454;
1456;1455;1203;1204;1457;490;
1457;1455;1204;288;1455;1465;
1458;1458;1205;1206;1459;1450;
1459;1458;1206;289;1460;1963;
1460;1458;289;1205;1458;1461;
1461;1461;1205;289;1462;1460;
1462;1461;289;1207;1463;1470;
1463;1461;1207;1205;1461;473;
1464;1464;290;1208;1465;1968;
1465;1464;1208;1209;1466;1457;
1466;1464;1209;290;1464;1467;
1467;1467;290;1209;1468;1466;
1468;1467;1209;1210;1469;478;
1469;1467;1210;290;1467;1477;
1470;1470;1211;1212;1471;1462;
1471;1470;1212;291;1472;1943;
1472;1470;291;1211;1470;1473;
1473;1473;1211;291;1474;1472;
1474;1473;291;1213;1475;1482;
1475;1473;1213;1211;1473;461;
1476;1476;292;1214;1477;1948;
1477;1476;1214;1215;1478;1469;
1478;1476;1215;292;1476;1479;
1479;1479;292;1215;1480;1478;
1480;1479;1215;1216;1481;466;
1481;1479;1216;292;1479;1489;
1482;1482;1217;1218;1483;1474;
1483;1482;1218;293;1484;1835;
1484;1482;293;1217;1482;1485;
1485;1485;1217;293;1486;1484;
1486;1485;293;1219;1487;1494;
1487;1485;1219;1217;1485;449;
1488;1488;294;1220;1489;1840;
1489;1488;1220;1221;1490;1481;
1490;1488;1221;294;1488;1491;
1491;1491;294;1221;1492;1490;
1492;1491;1221;1222;1493;454;
1493;1491;1222;294;1491;1501;
1494;1494;1223;1224;1495;1486;
1495;1494;1224;295;1496;1997;
1496;1494;295;1223;1494;1497;
1497;1497;1223;295;1498;1496;
1498;1497;295;1225;1499;1506;
1499;1497;1225;1223;1497;437;
1500;1500;296;1226;1501;2002;
1501;1500;1226;1227;1502;1493;
1502;1500;1227;296;1500;1503;
1503;1503;296;1227;1504;1502;
1504;1503;1227;1228;1505;442;
1505;1503;1228;296;1503;1513;
1506;1506;1229;1230;1507;1498;
1507;1506;1230;297;1508;1775;
1508;1506;297;1229;1506;1509;
1509;1509;1229;297;1510;1508;
1510;1509;297;1231;1511;1518;
1511;1509;1231;1229;1509;425;
1512;1512;298;1232;1513;1780;
1513;1512;1232;1233;1514;1505;
1514;1512;1233;298;1512;1515;
1515;1515;298;1233;1516;1514;
1516;1515;1233;1234;1517;430;
1517;1515;1234;298;1515;1525;
1518;1518;1235;1236;1519;1510;
1519;1518;1236;299;1520;2069;
1520;1518;299;1235;1518;1521;
1521;1521;1235;299;1522;1520;
1522;1521;299;1237;1523;1699;
1523;1521;1237;1235;1521;413;
1524;1524;300;1238;1525;2074;
1525;1524;1238;1239;1526;1517;
1526;1524;1239;300;1524;1527;
1527;1527;300;1239;1528;1526;
1528;1527;1239;1240;1529;418;
1529;1527;1240;300;1527;1704;
1530;1530;307;337;1531;1546;
1531;1530;337;327;1532;1639;
1532;1530;327;307;1530;1533;
1533;1533;307;327;1534;1532;
1534;1533;327;308;1535;1747;
1535;1533;308;307;1533;1540;
1536;1536;328;338;1537;1644;
1537;1536;338;1241;1538;1553;
1538;1536;1241;328;1536;1539;
1539;1539;328;1241;1540;1538;
1540;1539;1241;1242;1541;1535;
1541;1539;1242;328;1539;1752;
1542;1542;306;335;1543;1558;
1543;1542;335;1243;1544;1618;
1544;1542;1243;306;1542;1545;
1545;1545;306;1243;1546;1544;
1546;1545;1243;1244;1547;1530;
1547;1545;1244;306;1545;1552;
1548;1548;1245;336;1549;1625;
1549;1548;336;1246;1550;1565;
1550;1548;1246;1245;1548;1551;
1551;1551;1245;1246;1552;1550;
1552;1551;1246;1247;1553;1547;
1553;1551;1247;1245;1551;1537;
1554;1554;305;339;1555;1567;
1555;1554;339;1248;1556;1627;
1556;1554;1248;305;1554;1557;
1557;1557;305;1248;1558;1556;
1558;1557;1248;1249;1559;1542;
1559;1557;1249;305;1557;1564;
1560;1560;1250;340;1561;1632;
1561;1560;340;1251;1562;1572;
1562;1560;1251;1250;1560;1563;
1563;1563;1250;1251;1564;1562;
1564;1563;1251;1252;1565;1559;
1565;1563;1252;1250;1563;1549;
1566;1566;1253;1254;1567;1582;
1567;1566;1254;1255;1568;1554;
1568;1566;1255;1253;1566;1569;
1569;1569;1253;1255;1570;1568;
1570;1569;1255;1256;1571;1577;
1571;1569;1256;1253;1569;336;
1572;1572;1257;1258;1573;1561;
1573;1572;1258;1259;1574;1589;
1574;1572;1259;1257;1572;1575;
1575;1575;1257;1259;1576;1574;
1576;1575;1259;1260;1577;343;
1577;1575;1260;1257;1575;1570;
1578;1578;1261;333;1579;1594;
1579;1578;333;1262;1580;1630;
1580;1578;1262;1261;1578;1581;
1581;1581;1261;1262;1582;1580;
1582;1581;1262;1263;1583;1566;
1583;1581;1263;1261;1581;348;
1584;1584;1264;334;1585;1637;
1585;1584;334;1265;1586;1601;
1586;1584;1265;1264;1584;1587;
1587;1587;1264;1265;1588;1586;
1588;1587;1265;1266;1589;355;
1589;1587;1266;1264;1587;1573;
1590;1590;1267;329;1591;1606;
1591;1590;329;1268;1592;1631;
1592;1590;1268;1267;1590;1593;
1593;1593;1267;1268;1594;1592;
1594;1593;1268;1269;1595;1578;
1595;1593;1269;1267;1593;360;
1596;1596;1270;330;1597;1636;
1597;1596;330;1271;1598;1613;
1598;1596;1271;1270;1596;1599;
1599;1599;1270;1271;1600;1598;
1600;1599;1271;1272;1601;367;
1601;1599;1272;1270;1599;1585;
1602;1602;1273;331;1603;1654;
1603;1602;331;1274;1604;1614;
1604;1602;1274;1273;1602;1605;
1605;1605;1273;1274;1606;1604;
1606;1605;1274;1275;1607;1590;
1607;1605;1275;1273;1605;372;
1608;1608;1276;332;1609;1621;
1609;1608;332;1277;1610;1661;
1610;1608;1277;1276;1608;1611;
1611;1611;1276;1277;1612;1610;
1612;1611;1277;1278;1613;379;
1613;1611;1278;1276;1611;1597;
1614;1614;1279;1280;1615;1603;
1615;1614;1280;1281;1616;1642;
1616;1614;1281;1279;1614;1617;
1617;1617;1279;1281;1618;1616;
1618;1617;1281;1282;1619;1543;
1619;1617;1282;1279;1617;1626;
1620;1620;1283;1284;1621;1649;
1621;1620;1284;1285;1622;1608;
1622;1620;1285;1283;1620;1623;
1623;1623;1283;1285;1624;1622;
1624;1623;1285;1286;1625;1633;
1625;1623;1286;1283;1623;1548;
1626;1626;1287;1288;1627;1619;
1627;1626;1288;1289;1628;1555;
1628;1626;1289;1287;1626;1629;
1629;1629;1287;1289;1630;1628;
1630;1629;1289;1290;1631;1579;
1631;1629;1290;1287;1629;1591;
1632;1632;1291;1292;1633;1560;
1633;1632;1292;1293;1634;1624;
1634;1632;1293;1291;1632;1635;
1635;1635;1291;1293;1636;1634;
1636;1635;1293;1294;1637;1596;
1637;1635;1294;1291;1635;1584;
1638;1638;325;1295;1639;1763;
1639;1638;1295;1296;1640;1531;
1640;1638;1296;325;1638;1641;
1641;1641;325;1296;1642;1640;
1642;1641;1296;1297;1643;1615;
1643;1641;1297;325;1641;1651;
1644;1644;1298;1299;1645;1536;
1645;1644;1299;326;1646;1768;
1646;1644;326;1298;1644;1647;
1647;1647;1298;326;1648;1646;
1648;1647;326;1300;1649;1656;
1649;1647;1300;1298;1647;1620;
1650;1650;1301;1302;1651;1679;
1651;1650;1302;1303;1652;1643;
1652;1650;1303;1301;1650;1653;
1653;1653;1301;1303;1654;1652;
1654;1653;1303;1304;1655;1602;
1655;1653;1304;1301;1653;384;
1656;1656;1305;1306;1657;1648;
1657;1656;1306;1307;1658;1684;
1658;1656;1307;1305;1656;1659;
1659;1659;1305;1307;1660;1658;
1660;1659;1307;1308;1661;391;
1661;1659;1308;1305;1659;1609;
1662;1662;1309;1310;1663;977;
1663;1662;1310;343;1664;1690;
1664;1662;343;1309;1662;1665;
1665;1665;1309;343;1666;1664;
1666;1665;343;341;1667;2080;
1667;1665;341;1309;1665;1675;
1668;1668;344;1311;1669;1697;
1669;1668;1311;1312;1670;982;
1670;1668;1312;344;1668;1671;
1671;1671;344;1312;1672;1670;
1672;1671;1312;342;1673;1680;
1673;1671;342;344;1671;2087;
1674;1674;1313;1314;1675;965;
1675;1674;1314;1315;1676;1667;
1676;1674;1315;1313;1674;1677;
1677;1677;1313;1315;1678;1676;
1678;1677;1315;1316;1679;1758;
1679;1677;1316;1313;1677;1650;
1680;1680;1317;1318;1681;1672;
1681;1680;1318;1319;1682;970;
1682;1680;1319;1317;1680;1683;
1683;1683;1317;1319;1684;1682;
1684;1683;1319;1320;1685;1657;
1685;1683;1320;1317;1683;1765;
1686;1686;1321;345;1687;1703;
1687;1686;345;1322;1688;2095;
1688;1686;1322;1321;1686;1689;
1689;1689;1321;1322;1690;1688;
1690;1689;1322;1323;1691;1663;
1691;1689;1323;1321;1689;984;
1692;1692;1324;346;1693;2099;
1693;1692;346;1325;1694;1708;
1694;1692;1325;1324;1692;1695;
1695;1695;1324;1325;1696;1694;
1696;1695;1325;1326;1697;991;
1697;1695;1326;1324;1695;1668;
1698;1698;1327;1328;1699;401;
1699;1698;1328;1329;1700;1522;
1700;1698;1329;1327;1698;1701;
1701;1701;1327;1329;1702;1700;
1702;1701;1329;1330;1703;2096;
1703;1701;1330;1327;1701;1686;
1704;1704;1331;1332;1705;1529;
1705;1704;1332;1333;1706;406;
1706;1704;1333;1331;1704;1707;
1707;1707;1331;1333;1708;1706;
1708;1707;1333;1334;1709;1693;
1709;1707;1334;1331;1707;2098;
1710;1710;76;303;1711;1717;
1711;1710;303;351;1712;1727;
1712;1710;351;76;1710;1713;
1713;1713;76;351;1714;1712;
1714;1713;351;323;1715;2148;
1715;1713;323;76;1713;1783;
1716;1716;352;1335;1717;1732;
1717;1716;1335;1336;1718;1710;
1718;1716;1336;352;1716;1719;
1719;1719;352;1336;1720;1718;
1720;1719;1336;324;1721;1788;
1721;1719;324;352;1719;2151;
1722;1722;1337;77;1723;1729;
1723;1722;77;349;1724;1739;
1724;1722;349;1337;1722;1725;
1725;1725;1337;349;1726;1724;
1726;1725;349;1338;1727;2141;
1727;1725;1338;1337;1725;1711;
1728;1728;350;1339;1729;1744;
1729;1728;1339;1340;1730;1722;
1730;1728;1340;350;1728;1731;
1731;1731;350;1340;1732;1730;
1732;1731;1340;1341;1733;1716;
1733;1731;1341;350;1731;2146;
1734;1734;1342;304;1735;1741;
1735;1734;304;347;1736;1751;
1736;1734;347;1342;1734;1737;
1737;1737;1342;347;1738;1736;
1738;1737;347;1343;1739;2045;
1739;1737;1343;1342;1737;1723;
1740;1740;348;1344;1741;1756;
1741;1740;1344;1345;1742;1734;
1742;1740;1345;348;1740;1743;
1743;1743;348;1345;1744;1742;
1744;1743;1345;1346;1745;1728;
1745;1743;1346;348;1743;2050;
1746;1746;1347;1348;1747;1753;
1747;1746;1348;1349;1748;1534;
1748;1746;1349;1347;1746;1749;
1749;1749;1347;1349;1750;1748;
1750;1749;1349;1350;1751;1762;
1751;1749;1350;1347;1749;1735;
1752;1752;1351;1352;1753;1541;
1753;1752;1352;1353;1754;1746;
1754;1752;1353;1351;1752;1755;
1755;1755;1351;1353;1756;1754;
1756;1755;1353;1354;1757;1740;
1757;1755;1354;1351;1755;1769;
1758;1758;1355;1356;1759;1678;
1759;1758;1356;1357;1760;2090;
1760;1758;1357;1355;1758;1761;
1761;1761;1355;1357;1762;1760;
1762;1761;1357;1358;1763;1750;
1763;1761;1358;1355;1761;1638;
1764;1764;1359;1360;1765;2092;
1765;1764;1360;1361;1766;1685;
1766;1764;1361;1359;1764;1767;
1767;1767;1359;1361;1768;1766;
1768;1767;1361;1362;1769;1645;
1769;1767;1362;1359;1767;1757;
1770;1770;1363;309;1771;1996;
1771;1770;309;317;1772;2327;
1772;1770;317;1363;1770;1773;
1773;1773;1363;317;1774;1772;
1774;1773;317;1364;1775;2064;
1775;1773;1364;1363;1773;1507;
1776;1776;318;310;1777;2332;
1777;1776;310;1365;1778;2003;
1778;1776;1365;318;1776;1779;
1779;1779;318;1365;1780;1778;
1780;1779;1365;1366;1781;1512;
1781;1779;1366;318;1779;2071;
1782;1782;75;1367;1783;1789;
1783;1782;1367;1368;1784;1715;
1784;1782;1368;75;1782;1785;
1785;1785;75;1368;1786;1784;
1786;1785;1368;315;1787;2112;
1787;1785;315;75;1785;1819;
1788;1788;1369;1370;1789;1720;
1789;1788;1370;1371;1790;1782;
1790;1788;1371;1369;1788;1791;
1791;1791;1369;1371;1792;1790;
1792;1791;1371;316;1793;1824;
1793;1791;316;1369;1791;2119;
1794;1794;301;302;1795;1801;
1795;1794;302;355;1796;1811;
1796;1794;355;301;1794;1797;
1797;1797;301;355;1798;1796;
1798;1797;355;357;1799;1919;
1799;1797;357;301;1797;1951;
1800;1800;356;1372;1801;1816;
1801;1800;1372;1373;1802;1794;
1802;1800;1373;356;1800;1803;
1803;1803;356;1373;1804;1802;
1804;1803;1373;358;1805;1956;
1805;1803;358;356;1803;1924;
1806;1806;1374;74;1807;1813;
1807;1806;74;353;1808;1823;
1808;1806;353;1374;1806;1809;
1809;1809;1374;353;1810;1808;
1810;1809;353;1375;1811;1907;
1811;1809;1375;1374;1809;1795;
1812;1812;354;1376;1813;1828;
1813;1812;1376;1377;1814;1806;
1814;1812;1377;354;1812;1815;
1815;1815;354;1377;1816;1814;
1816;1815;1377;1378;1817;1800;
1817;1815;1378;354;1815;1912;
1818;1818;1379;1380;1819;1825;
1819;1818;1380;1381;1820;1787;
1820;1818;1381;1379;1818;1821;
1821;1821;1379;1381;1822;1820;
1822;1821;1381;1382;1823;1895;
1823;1821;1382;1379;1821;1807;
1824;1824;1383;1384;1825;1792;
1825;1824;1384;1385;1826;1818;
1826;1824;1385;1383;1824;1827;
1827;1827;1383;1385;1828;1826;
1828;1827;1385;1386;1829;1812;
1829;1827;1386;1383;1827;1900;
1830;1830;1387;363;1831;1942;
1831;1830;363;361;1832;1847;
1832;1830;361;1387;1830;1833;
1833;1833;1387;361;1834;1832;
1834;1833;361;1388;1835;1992;
1835;1833;1388;1387;1833;1483;
1836;1836;362;364;1837;1852;
1837;1836;364;1389;1838;1949;
1838;1836;1389;362;1836;1839;
1839;1839;362;1389;1840;1838;
1840;1839;1389;1390;1841;1488;
1841;1839;1390;362;1839;1999;
1842;1842;1391;365;1843;1927;
1843;1842;365;367;1844;1859;
1844;1842;367;1391;1842;1845;
1845;1845;1391;367;1846;1844;
1846;1845;367;1392;1847;2005;
1847;1845;1392;1391;1845;1831;
1848;1848;368;366;1849;1864;
1849;1848;366;1393;1850;1932;
1850;1848;1393;368;1848;1851;
1851;1851;368;1393;1852;1850;
1852;1851;1393;1394;1853;1836;
1853;1851;1394;368;1851;2010;
1854;1854;1395;371;1855;1915;
1855;1854;371;369;1856;1871;
1856;1854;369;1395;1854;1857;
1857;1857;1395;369;1858;1856;
1858;1857;369;1396;1859;2017;
1859;1857;1396;1395;1857;1843;
1860;1860;370;372;1861;1876;
1861;1860;372;1397;1862;1920;
1862;1860;1397;370;1860;1863;
1863;1863;370;1397;1864;1862;
1864;1863;1397;1398;1865;1848;
1865;1863;1398;370;1863;2022;
1866;1866;1399;373;1867;1903;
1867;1866;373;375;1868;1879;
1868;1866;375;1399;1866;1869;
1869;1869;1399;375;1870;1868;
1870;1869;375;1400;1871;2032;
1871;1869;1400;1399;1869;1855;
1872;1872;376;374;1873;1884;
1873;1872;374;1401;1874;1908;
1874;1872;1401;376;1872;1875;
1875;1875;376;1401;1876;1874;
1876;1875;1401;1402;1877;1860;
1877;1875;1402;376;1875;2039;
1878;1878;313;1403;1879;2033;
1879;1878;1403;1404;1880;1867;
1880;1878;1404;313;1878;1881;
1881;1881;313;1404;1882;1880;
1882;1881;1404;377;1883;1891;
1883;1881;377;313;1881;2100;
1884;1884;1405;1406;1885;1872;
1885;1884;1406;314;1886;2038;
1886;1884;314;1405;1884;1887;
1887;1887;1405;314;1888;1886;
1888;1887;314;378;1889;2107;
1889;1887;378;1405;1887;1896;
1890;1890;1407;1408;1891;2117;
1891;1890;1408;1409;1892;1882;
1892;1890;1409;1407;1890;1893;
1893;1893;1407;1409;1894;1892;
1894;1893;1409;1410;1895;1902;
1895;1893;1410;1407;1893;1822;
1896;1896;1411;1412;1897;1889;
1897;1896;1412;1413;1898;2122;
1898;1896;1413;1411;1896;1899;
1899;1899;1411;1413;1900;1898;
1900;1899;1413;1414;1901;1829;
1901;1899;1414;1411;1899;1909;
1902;1902;1415;1416;1903;1894;
1903;1902;1416;1417;1904;1866;
1904;1902;1417;1415;1902;1905;
1905;1905;1415;1417;1906;1904;
1906;1905;1417;1418;1907;1914;
1907;1905;1418;1415;1905;1810;
1908;1908;1419;1420;1909;1873;
1909;1908;1420;1421;1910;1901;
1910;1908;1421;1419;1908;1911;
1911;1911;1419;1421;1912;1910;
1912;1911;1421;1422;1913;1817;
1913;1911;1422;1419;1911;1921;
1914;1914;1423;1424;1915;1906;
1915;1914;1424;1425;1916;1854;
1916;1914;1425;1423;1914;1917;
1917;1917;1423;1425;1918;1916;
1918;1917;1425;1426;1919;1926;
1919;1917;1426;1423;1917;1798;
1920;1920;1427;1428;1921;1861;
1921;1920;1428;1429;1922;1913;
1922;1920;1429;1427;1920;1923;
1923;1923;1427;1429;1924;1922;
1924;1923;1429;1430;1925;1805;
1925;1923;1430;1427;1923;1933;
1926;1926;1431;1432;1927;1918;
1927;1926;1432;1433;1928;1842;
1928;1926;1433;1431;1926;1929;
1929;1929;1431;1433;1930;1928;
1930;1929;1433;359;1931;1939;
1931;1929;359;1431;1929;1954;
1932;1932;1434;1435;1933;1849;
1933;1932;1435;1436;1934;1925;
1934;1932;1436;1434;1932;1935;
1935;1935;1434;1436;1936;1934;
1936;1935;1436;360;1937;1961;
1937;1935;360;1434;1935;1944;
1938;1938;1437;1438;1939;1978;
1939;1938;1438;1439;1940;1930;
1940;1938;1439;1437;1938;1941;
1941;1941;1437;1439;1942;1940;
1942;1941;1439;1440;1943;1830;
1943;1941;1440;1437;1941;1471;
1944;1944;1441;1442;1945;1937;
1945;1944;1442;1443;1946;1985;
1946;1944;1443;1441;1944;1947;
1947;1947;1441;1443;1948;1946;
1948;1947;1443;1444;1949;1476;
1949;1947;1444;1441;1947;1837;
1950;1950;73;1445;1951;1957;
1951;1950;1445;1446;1952;1799;
1952;1950;1446;73;1950;1953;
1953;1953;73;1446;1954;1952;
1954;1953;1446;1447;1955;1931;
1955;1953;1447;73;1953;1975;
1956;1956;1448;1449;1957;1804;
1957;1956;1449;1450;1958;1950;
1958;1956;1450;1448;1956;1959;
1959;1959;1448;1450;1960;1958;
1960;1959;1450;1451;1961;1980;
1961;1959;1451;1448;1959;1936;
1962;1962;1452;1453;1963;1979;
1963;1962;1453;1454;1964;1459;
1964;1962;1454;1452;1962;1965;
1965;1965;1452;1454;1966;1964;
1966;1965;1454;1455;1967;1447;
1967;1965;1455;1452;1965;1435;
1968;1968;1456;1457;1969;1464;
1969;1968;1457;1458;1970;1984;
1970;1968;1458;1456;1968;1971;
1971;1971;1456;1458;1972;1970;
1972;1971;1458;1459;1973;1440;
1973;1971;1459;1456;1971;1452;
1974;1974;1460;1461;1975;1987;
1975;1974;1461;1462;1976;1955;
1976;1974;1462;1460;1974;1977;
1977;1977;1460;1462;1978;1976;
1978;1977;1462;1463;1979;1938;
1979;1977;1463;1460;1977;1962;
1980;1980;1464;1465;1981;1960;
1981;1980;1465;1466;1982;1991;
1982;1980;1466;1464;1980;1983;
1983;1983;1464;1466;1984;1982;
1984;1983;1466;1467;1985;1969;
1985;1983;1467;1464;1983;1945;
1986;1986;1468;1469;1987;1989;
1987;1986;1469;1470;1988;1974;
1988;1986;1470;1468;1986;1423;
1989;1989;1471;1472;1990;1986;
1990;1989;1472;1473;1991;1428;
1991;1989;1473;1471;1989;1981;
1992;1992;1474;1475;1993;1834;
1993;1992;1475;1476;1994;2004;
1994;1992;1476;1474;1992;1995;
1995;1995;1474;1476;1996;1994;
1996;1995;1476;1477;1997;1770;
1997;1995;1477;1474;1995;1495;
1998;1998;1478;1479;1999;2011;
1999;1998;1479;1480;2000;1841;
2000;1998;1480;1478;1998;2001;
2001;2001;1478;1480;2002;2000;
2002;2001;1480;1481;2003;1500;
2003;2001;1481;1478;2001;1777;
2004;2004;1482;1483;2005;1993;
2005;2004;1483;1484;2006;1846;
2006;2004;1484;1482;2004;2007;
2007;2007;1482;1484;2008;2006;
2008;2007;1484;311;2009;2016;
2009;2007;311;1482;2007;2322;
2010;2010;1485;1486;2011;1853;
2011;2010;1486;1487;2012;1998;
2012;2010;1487;1485;2010;2013;
2013;2013;1485;1487;2014;2012;
2014;2013;1487;312;2015;2329;
2015;2013;312;1485;2013;2023;
2016;2016;1488;1489;2017;2008;
2017;2016;1489;1490;2018;1858;
2018;2016;1490;1488;2016;2019;
2019;2019;1488;1490;2020;2018;
2020;2019;1490;381;2021;2029;
2021;2019;381;1488;2019;2418;
2022;2022;1491;1492;2023;1865;
2023;2022;1492;1493;2024;2015;
2024;2022;1493;1491;2022;2025;
2025;2025;1491;1493;2026;2024;
2026;2025;1493;382;2027;2425;
2027;2025;382;1491;2025;2034;
2028;2028;1494;1495;2029;2873;
2029;2028;1495;1496;2030;2020;
2030;2028;1496;1494;2028;2031;
2031;2031;1494;1496;2032;2030;
2032;2031;1496;1497;2033;1870;
2033;2031;1497;1494;2031;1878;
2034;2034;1498;1499;2035;2027;
2035;2034;1499;1500;2036;2878;
2036;2034;1500;1498;2034;2037;
2037;2037;1498;1500;2038;2036;
2038;2037;1500;1501;2039;1885;
2039;2037;1501;1498;2037;1877;
2040;2040;1502;383;2041;2089;
2041;2040;383;385;2042;2056;
2042;2040;385;1502;2040;2043;
2043;2043;1502;385;2044;2042;
2044;2043;385;1503;2045;2136;
2045;2043;1503;1502;2043;1738;
2046;2046;386;384;2047;2063;
2047;2046;384;1504;2048;2093;
2048;2046;1504;386;2046;2049;
2049;2049;386;1504;2050;2048;
2050;2049;1504;1505;2051;1745;
2051;2049;1505;386;2049;2143;
2052;2052;1506;319;2053;2303;
2053;2052;319;1507;2054;2129;
2054;2052;1507;1506;2052;2055;
2055;2055;1506;1507;2056;2054;
2056;2055;1507;1508;2057;2041;
2057;2055;1508;1506;2055;2065;
2058;2058;1509;320;2059;2134;
2059;2058;320;1510;2060;2308;
2060;2058;1510;1509;2058;2061;
2061;2061;1509;1510;2062;2060;
2062;2061;1510;1511;2063;2070;
2063;2061;1511;1509;2061;2046;
2064;2064;1512;1513;2065;1774;
2065;2064;1513;1514;2066;2057;
2066;2064;1514;1512;2064;2067;
2067;2067;1512;1514;2068;2066;
2068;2067;1514;1515;2069;2076;
2069;2067;1515;1512;2067;1519;
2070;2070;1516;1517;2071;2062;
2071;2070;1517;1518;2072;1781;
2072;2070;1518;1516;2070;2073;
2073;2073;1516;1518;2074;2072;
2074;2073;1518;1519;2075;1524;
2075;2073;1519;1516;2073;2083;
2076;2076;1520;1521;2077;2068;
2077;2076;1521;1522;2078;2088;
2078;2076;1522;1520;2076;2079;
2079;2079;1520;1522;2080;2078;
2080;2079;1522;1523;2081;1666;
2081;2079;1523;1520;2079;2094;
2082;2082;1524;1525;2083;2091;
2083;2082;1525;1526;2084;2075;
2084;2082;1526;1524;2082;2085;
2085;2085;1524;1526;2086;2084;
2086;2085;1526;1527;2087;2097;
2087;2085;1527;1524;2085;1673;
2088;2088;1528;1529;2089;2077;
2089;2088;1529;1530;2090;2040;
2090;2088;1530;1528;2088;1759;
2091;2091;1531;1532;2092;2082;
2092;2091;1532;1533;2093;1764;
2093;2091;1533;1531;2091;2047;
2094;2094;1534;1535;2095;2081;
2095;2094;1535;1536;2096;1687;
2096;2094;1536;1534;2094;1702;
2097;2097;1537;1538;2098;2086;
2098;2097;1538;1539;2099;1709;
2099;2097;1539;1537;2097;1692;
2100;2100;1540;1541;2101;1883;
2101;2100;1541;379;2102;2116;
2102;2100;379;1540;2100;2103;
2103;2103;1540;379;2104;2102;
2104;2103;379;321;2105;2125;
2105;2103;321;1540;2103;2880;
2106;2106;380;1542;2107;2123;
2107;2106;1542;1543;2108;1888;
2108;2106;1543;380;2106;2109;
2109;2109;380;1543;2110;2108;
2110;2109;1543;322;2111;2887;
2111;2109;322;380;2109;2130;
2112;2112;1544;1545;2113;1786;
2113;2112;1545;1546;2114;2150;
2114;2112;1546;1544;2112;2115;
2115;2115;1544;1546;2116;2114;
2116;2115;1546;1547;2117;2101;
2117;2115;1547;1544;2115;1890;
2118;2118;1548;1549;2119;2152;
2119;2118;1549;1550;2120;1793;
2120;2118;1550;1548;2118;2121;
2121;2121;1548;1550;2122;2120;
2122;2121;1550;1551;2123;1897;
2123;2121;1551;1548;2121;2106;
2124;2124;1552;1553;2125;2897;
2125;2124;1553;1554;2126;2104;
2126;2124;1554;1552;2124;2127;
2127;2127;1552;1554;2128;2126;
2128;2127;1554;1555;2129;2137;
2129;2127;1555;1552;2127;2053;
2130;2130;1556;1557;2131;2111;
2131;2130;1557;1558;2132;2902;
2132;2130;1558;1556;2130;2133;
2133;2133;1556;1558;2134;2132;
2134;2133;1558;1559;2135;2058;
2135;2133;1559;1556;2133;2142;
2136;2136;1560;1561;2137;2044;
2137;2136;1561;1562;2138;2128;
2138;2136;1562;1560;2136;2139;
2139;2139;1560;1562;2140;2138;
2140;2139;1562;1563;2141;2149;
2141;2139;1563;1560;2139;1726;
2142;2142;1564;1565;2143;2135;
2143;2142;1565;1566;2144;2051;
2144;2142;1566;1564;2142;2145;
2145;2145;1564;1566;2146;2144;
2146;2145;1566;1567;2147;1733;
2147;2145;1567;1564;2145;2153;
2148;2148;1568;1569;2149;1714;
2149;2148;1569;1570;2150;2140;
2150;2148;1570;1568;2148;2113;
2151;2151;1571;1572;2152;1721;
2152;2151;1572;1573;2153;2118;
2153;2151;1573;1571;2151;2147;
2154;2154;399;401;2155;2171;
2155;2154;401;413;2156;2291;
2156;2154;413;399;2154;2157;
2157;2157;399;413;2158;2156;
2158;2157;413;387;2159;2335;
2159;2157;387;399;2157;2831;
2160;2160;414;402;2161;2296;
2161;2160;402;400;2162;2176;
2162;2160;400;414;2160;2163;
2163;2163;414;400;2164;2162;
2164;2163;400;388;2165;2836;
2165;2163;388;414;2163;2340;
2166;2166;1574;397;2167;2819;
2167;2166;397;403;2168;2183;
2168;2166;403;1574;2166;2169;
2169;2169;1574;403;2170;2168;
2170;2169;403;1575;2171;2274;
2171;2169;1575;1574;2169;2154;
2172;2172;404;398;2173;2188;
2173;2172;398;1576;2174;2824;
2174;2172;1576;404;2172;2175;
2175;2175;404;1576;2176;2174;
2176;2175;1576;1577;2177;2161;
2177;2175;1577;404;2175;2281;
2178;2178;1578;395;2179;2807;
2179;2178;395;405;2180;2195;
2180;2178;405;1578;2178;2181;
2181;2181;1578;405;2182;2180;
2182;2181;405;1579;2183;2262;
2183;2181;1579;1578;2181;2167;
2184;2184;406;396;2185;2200;
2185;2184;396;1580;2186;2812;
2186;2184;1580;406;2184;2187;
2187;2187;406;1580;2188;2186;
2188;2187;1580;1581;2189;2172;
2189;2187;1581;406;2187;2269;
2190;2190;1582;393;2191;2795;
2191;2190;393;407;2192;2207;
2192;2190;407;1582;2190;2193;
2193;2193;1582;407;2194;2192;
2194;2193;407;1583;2195;2250;
2195;2193;1583;1582;2193;2179;
2196;2196;408;394;2197;2212;
2197;2196;394;1584;2198;2800;
2198;2196;1584;408;2196;2199;
2199;2199;408;1584;2200;2198;
2200;2199;1584;1585;2201;2184;
2201;2199;1585;408;2199;2257;
2202;2202;1586;391;2203;2783;
2203;2202;391;409;2204;2219;
2204;2202;409;1586;2202;2205;
2205;2205;1586;409;2206;2204;
2206;2205;409;1587;2207;2238;
2207;2205;1587;1586;2205;2191;
2208;2208;410;392;2209;2224;
2209;2208;392;1588;2210;2788;
2210;2208;1588;410;2208;2211;
2211;2211;410;1588;2212;2210;
2212;2211;1588;1589;2213;2196;
2213;2211;1589;410;2211;2245;
2214;2214;1590;389;2215;2771;
2215;2214;389;411;2216;2314;
2216;2214;411;1590;2214;2217;
2217;2217;1590;411;2218;2216;
2218;2217;411;1591;2219;2226;
2219;2217;1591;1590;2217;2203;
2220;2220;412;390;2221;2321;
2221;2220;390;1592;2222;2776;
2222;2220;1592;412;2220;2223;
2223;2223;412;1592;2224;2222;
2224;2223;1592;1593;2225;2208;
2225;2223;1593;412;2223;2233;
2226;2226;1594;1595;2227;2218;
2227;2226;1595;417;2228;2351;
2228;2226;417;1594;2226;2229;
2229;2229;1594;417;2230;2228;
2230;2229;417;419;2231;2597;
2231;2229;419;1594;2229;2239;
2232;2232;418;1596;2233;2356;
2233;2232;1596;1597;2234;2225;
2234;2232;1597;418;2232;2235;
2235;2235;418;1597;2236;2234;
2236;2235;1597;420;2237;2244;
2237;2235;420;418;2235;2602;
2238;2238;1598;1599;2239;2206;
2239;2238;1599;1600;2240;2231;
2240;2238;1600;1598;2238;2241;
2241;2241;1598;1600;2242;2240;
2242;2241;1600;421;2243;2585;
2243;2241;421;1598;2241;2251;
2244;2244;1601;1602;2245;2236;
2245;2244;1602;1603;2246;2213;
2246;2244;1603;1601;2244;2247;
2247;2247;1601;1603;2248;2246;
2248;2247;1603;422;2249;2256;
2249;2247;422;1601;2247;2590;
2250;2250;1604;1605;2251;2194;
2251;2250;1605;1606;2252;2243;
2252;2250;1606;1604;2250;2253;
2253;2253;1604;1606;2254;2252;
2254;2253;1606;423;2255;2573;
2255;2253;423;1604;2253;2263;
2256;2256;1607;1608;2257;2248;
2257;2256;1608;1609;2258;2201;
2258;2256;1609;1607;2256;2259;
2259;2259;1607;1609;2260;2258;
2260;2259;1609;424;2261;2268;
2261;2259;424;1607;2259;2578;
2262;2262;1610;1611;2263;2182;
2263;2262;1611;1612;2264;2255;
2264;2262;1612;1610;2262;2265;
2265;2265;1610;1612;2266;2264;
2266;2265;1612;425;2267;2561;
2267;2265;425;1610;2265;2275;
2268;2268;1613;1614;2269;2260;
2269;2268;1614;1615;2270;2189;
2270;2268;1615;1613;2268;2271;
2271;2271;1613;1615;2272;2270;
2272;2271;1615;426;2273;2280;
2273;2271;426;1613;2271;2566;
2274;2274;1616;1617;2275;2170;
2275;2274;1617;1618;2276;2267;
2276;2274;1618;1616;2274;2277;
2277;2277;1616;1618;2278;2276;
2278;2277;1618;427;2279;2549;
2279;2277;427;1616;2277;2286;
2280;2280;1619;1620;2281;2272;
2281;2280;1620;1621;2282;2177;
2282;2280;1621;1619;2280;2283;
2283;2283;1619;1621;2284;2282;
2284;2283;1621;428;2285;2293;
2285;2283;428;1619;2283;2554;
2286;2286;1622;1623;2287;2279;
2287;2286;1623;415;2288;2537;
2288;2286;415;1622;2286;2289;
2289;2289;1622;415;2290;2288;
2290;2289;415;1624;2291;2403;
2291;2289;1624;1622;2289;2155;
2292;2292;416;1625;2293;2542;
2293;2292;1625;1626;2294;2284;
2294;2292;1626;416;2292;2295;
2295;2295;416;1626;2296;2294;
2296;2295;1626;1627;2297;2160;
2297;2295;1627;416;2295;2416;
2298;2298;1628;441;2299;2326;
2299;2298;441;443;2300;2444;
2300;2298;443;1628;2298;2301;
2301;2301;1628;443;2302;2300;
2302;2301;443;1629;2303;2310;
2303;2301;1629;1628;2301;2052;
2304;2304;444;442;2305;2446;
2305;2304;442;1630;2306;2333;
2306;2304;1630;444;2304;2307;
2307;2307;444;1630;2308;2306;
2308;2307;1630;1631;2309;2059;
2309;2307;1631;444;2307;2317;
2310;2310;1632;1633;2311;2302;
2311;2310;1633;1634;2312;2346;
2312;2310;1634;1632;2310;2313;
2313;2313;1632;1634;2314;2312;
2314;2313;1634;1635;2315;2215;
2315;2313;1635;1632;2313;2892;
2316;2316;1636;1637;2317;2353;
2317;2316;1637;1638;2318;2309;
2318;2316;1638;1636;2316;2319;
2319;2319;1636;1638;2320;2318;
2320;2319;1638;1639;2321;2899;
2321;2319;1639;1636;2319;2220;
2322;2322;1640;1641;2323;2009;
2323;2322;1641;1642;2324;2435;
2324;2322;1642;1640;2322;2325;
2325;2325;1640;1642;2326;2324;
2326;2325;1642;1643;2327;2298;
2327;2325;1643;1640;2325;1771;
2328;2328;1644;1645;2329;2440;
2329;2328;1645;1646;2330;2014;
2330;2328;1646;1644;2328;2331;
2331;2331;1644;1646;2332;2330;
2332;2331;1646;1647;2333;1776;
2333;2331;1647;1644;2331;2305;
2334;2334;1648;1649;2335;2872;
2335;2334;1649;1650;2336;2158;
2336;2334;1650;1648;2334;2337;
2337;2337;1648;1650;2338;2336;
2338;2337;1650;429;2339;2402;
2339;2337;429;1648;2337;2419;
2340;2340;1651;1652;2341;2165;
2341;2340;1652;1653;2342;2879;
2342;2340;1653;1651;2340;2343;
2343;2343;1651;1653;2344;2342;
2344;2343;1653;430;2345;2424;
2345;2343;430;1651;2343;2413;
2346;2346;1654;1655;2347;2311;
2347;2346;1655;439;2348;2359;
2348;2346;439;1654;2346;2349;
2349;2349;1654;439;2350;2348;
2350;2349;439;1656;2351;2525;
2351;2349;1656;1654;2349;2227;
2352;2352;440;1657;2353;2364;
2353;2352;1657;1658;2354;2316;
2354;2352;1658;440;2352;2355;
2355;2355;440;1658;2356;2354;
2356;2355;1658;1659;2357;2232;
2357;2355;1659;440;2355;2530;
2358;2358;437;1660;2359;2513;
2359;2358;1660;1661;2360;2347;
2360;2358;1661;437;2358;2361;
2361;2361;437;1661;2362;2360;
2362;2361;1661;445;2363;2443;
2363;2361;445;437;2361;2374;
2364;2364;1662;1663;2365;2352;
2365;2364;1663;438;2366;2518;
2366;2364;438;1662;2364;2367;
2367;2367;1662;438;2368;2366;
2368;2367;438;446;2369;2381;
2369;2367;446;1662;2367;2447;
2370;2370;433;435;2371;2489;
2371;2370;435;1664;2372;2501;
2372;2370;1664;433;2370;2373;
2373;2373;433;1664;2374;2372;
2374;2373;1664;1665;2375;2363;
2375;2373;1665;433;2373;2383;
2376;2376;1666;436;2377;2506;
2377;2376;436;434;2378;2494;
2378;2376;434;1666;2376;2379;
2379;2379;1666;434;2380;2378;
2380;2379;434;1667;2381;2388;
2381;2379;1667;1666;2379;2368;
2382;2382;431;1668;2383;2477;
2383;2382;1668;1669;2384;2375;
2384;2382;1669;431;2382;2385;
2385;2385;431;1669;2386;2384;
2386;2385;1669;447;2387;2431;
2387;2385;447;431;2385;2398;
2388;2388;1670;1671;2389;2380;
2389;2388;1671;432;2390;2482;
2390;2388;432;1670;2388;2391;
2391;2391;1670;432;2392;2390;
2392;2391;432;448;2393;2411;
2393;2391;448;1670;2391;2436;
2394;2394;1672;449;2395;2401;
2395;2394;449;1673;2396;2465;
2396;2394;1673;1672;2394;2397;
2397;2397;1672;1673;2398;2396;
2398;2397;1673;1674;2399;2387;
2399;2397;1674;1672;2397;2422;
2400;2400;1678;449;2401;2405;
2401;2400;449;1672;2402;2394;
2402;2400;1672;1678;2400;2338;
2403;2403;1678;1679;2404;2290;
2404;2403;1679;449;2405;2453;
2405;2403;449;1678;2403;2400;
2406;2406;1675;450;2407;2470;
2407;2406;450;1676;2408;2414;
2408;2406;1676;1675;2406;2409;
2409;2409;1675;1676;2410;2408;
2410;2409;1676;1677;2411;2429;
2411;2409;1677;1675;2409;2392;
2412;2412;450;1681;2413;2417;
2413;2412;1681;1676;2414;2345;
2414;2412;1676;450;2412;2407;
2415;2415;450;1680;2416;2458;
2416;2415;1680;1681;2417;2297;
2417;2415;1681;450;2415;2412;
2418;2418;1682;1683;2419;2021;
2419;2418;1683;1684;2420;2339;
2420;2418;1684;1682;2418;2421;
2421;2421;1682;1684;2422;2420;
2422;2421;1684;1685;2423;2399;
2423;2421;1685;1682;2421;2430;
2424;2424;1686;1687;2425;2344;
2425;2424;1687;1688;2426;2026;
2426;2424;1688;1686;2424;2427;
2427;2427;1686;1688;2428;2426;
2428;2427;1688;1689;2429;2437;
2429;2427;1689;1686;2427;2410;
2430;2430;1690;1691;2431;2423;
2431;2430;1691;1692;2432;2386;
2432;2430;1692;1690;2430;2433;
2433;2433;1690;1692;2434;2432;
2434;2433;1692;1693;2435;2442;
2435;2433;1693;1690;2433;2323;
2436;2436;1694;1695;2437;2393;
2437;2436;1695;1696;2438;2428;
2438;2436;1696;1694;2436;2439;
2439;2439;1694;1696;2440;2438;
2440;2439;1696;1697;2441;2328;
2441;2439;1697;1694;2439;2445;
2442;2442;1698;1699;2443;2434;
2443;2442;1699;1700;2444;2362;
2444;2442;1700;1698;2442;2299;
2445;2445;1701;1702;2446;2441;
2446;2445;1702;1703;2447;2304;
2447;2445;1703;1701;2445;2369;
2448;2448;1704;475;2449;2536;
2449;2448;475;451;2450;2664;
2450;2448;451;1704;2448;2451;
2451;2451;1704;451;2452;2450;
2452;2451;451;1705;2453;2460;
2453;2451;1705;1704;2451;2404;
2454;2454;452;476;2455;2671;
2455;2454;476;1706;2456;2543;
2456;2454;1706;452;2454;2457;
2457;2457;452;1706;2458;2456;
2458;2457;1706;1707;2459;2415;
2459;2457;1707;452;2457;2467;
2460;2460;1708;1709;2461;2452;
2461;2460;1709;461;2462;2681;
2462;2460;461;1708;2460;2463;
2463;2463;1708;461;2464;2462;
2464;2463;461;1710;2465;2472;
2465;2463;1710;1708;2463;2395;
2466;2466;462;1711;2467;2686;
2467;2466;1711;1712;2468;2459;
2468;2466;1712;462;2466;2469;
2469;2469;462;1712;2470;2468;
2470;2469;1712;1713;2471;2406;
2471;2469;1713;462;2469;2479;
2472;2472;1714;1715;2473;2464;
2473;2472;1715;459;2474;2689;
2474;2472;459;1714;2472;2475;
2475;2475;1714;459;2476;2474;
2476;2475;459;1716;2477;2484;
2477;2475;1716;1714;2475;2382;
2478;2478;460;1717;2479;2694;
2479;2478;1717;1718;2480;2471;
2480;2478;1718;460;2478;2481;
2481;2481;460;1718;2482;2480;
2482;2481;1718;1719;2483;2389;
2483;2481;1719;460;2481;2491;
2484;2484;1720;1721;2485;2476;
2485;2484;1721;457;2486;2688;
2486;2484;457;1720;2484;2487;
2487;2487;1720;457;2488;2486;
2488;2487;457;1722;2489;2496;
2489;2487;1722;1720;2487;2370;
2490;2490;458;1723;2491;2695;
2491;2490;1723;1724;2492;2483;
2492;2490;1724;458;2490;2493;
2493;2493;458;1724;2494;2492;
2494;2493;1724;1725;2495;2377;
2495;2493;1725;458;2493;2503;
2496;2496;1726;1727;2497;2488;
2497;2496;1727;455;2498;2609;
2498;2496;455;1726;2496;2499;
2499;2499;1726;455;2500;2498;
2500;2499;455;1728;2501;2508;
2501;2499;1728;1726;2499;2371;
2502;2502;456;1729;2503;2614;
2503;2502;1729;1730;2504;2495;
2504;2502;1730;456;2502;2505;
2505;2505;456;1730;2506;2504;
2506;2505;1730;1731;2507;2376;
2507;2505;1731;456;2505;2515;
2508;2508;1732;1733;2509;2500;
2509;2508;1733;453;2510;2700;
2510;2508;453;1732;2508;2511;
2511;2511;1732;453;2512;2510;
2512;2511;453;1734;2513;2520;
2513;2511;1734;1732;2511;2358;
2514;2514;454;1735;2515;2707;
2515;2514;1735;1736;2516;2507;
2516;2514;1736;454;2514;2517;
2517;2517;454;1736;2518;2516;
2518;2517;1736;1737;2519;2365;
2519;2517;1737;454;2517;2527;
2520;2520;1738;1739;2521;2512;
2521;2520;1739;473;2522;2705;
2522;2520;473;1738;2520;2523;
2523;2523;1738;473;2524;2522;
2524;2523;473;1740;2525;2592;
2525;2523;1740;1738;2523;2350;
2526;2526;474;1741;2527;2710;
2527;2526;1741;1742;2528;2519;
2528;2526;1742;474;2526;2529;
2529;2529;474;1742;2530;2528;
2530;2529;1742;1743;2531;2357;
2531;2529;1743;474;2529;2599;
2532;2532;1744;463;2533;2548;
2533;2532;463;1745;2534;2657;
2534;2532;1745;1744;2532;2535;
2535;2535;1744;1745;2536;2534;
2536;2535;1745;1746;2537;2448;
2537;2535;1746;1744;2535;2287;
2538;2538;1747;464;2539;2662;
2539;2538;464;1748;2540;2555;
2540;2538;1748;1747;2538;2541;
2541;2541;1747;1748;2542;2540;
2542;2541;1748;1749;2543;2292;
2543;2541;1749;1747;2541;2455;
2544;2544;1750;465;2545;2560;
2545;2544;465;1751;2546;2760;
2546;2544;1751;1750;2544;2547;
2547;2547;1750;1751;2548;2546;
2548;2547;1751;1752;2549;2532;
2549;2547;1752;1750;2547;2278;
2550;2550;1753;466;2551;2763;
2551;2550;466;1754;2552;2567;
2552;2550;1754;1753;2550;2553;
2553;2553;1753;1754;2554;2552;
2554;2553;1754;1755;2555;2285;
2555;2553;1755;1753;2553;2539;
2556;2556;1756;467;2557;2572;
2557;2556;467;1757;2558;2748;
2558;2556;1757;1756;2556;2559;
2559;2559;1756;1757;2560;2558;
2560;2559;1757;1758;2561;2544;
2561;2559;1758;1756;2559;2266;
2562;2562;1759;468;2563;2755;
2563;2562;468;1760;2564;2579;
2564;2562;1760;1759;2562;2565;
2565;2565;1759;1760;2566;2564;
2566;2565;1760;1761;2567;2273;
2567;2565;1761;1759;2565;2551;
2568;2568;1762;469;2569;2584;
2569;2568;469;1763;2570;2736;
2570;2568;1763;1762;2568;2571;
2571;2571;1762;1763;2572;2570;
2572;2571;1763;1764;2573;2556;
2573;2571;1764;1762;2571;2254;
2574;2574;1765;470;2575;2743;
2575;2574;470;1766;2576;2591;
2576;2574;1766;1765;2574;2577;
2577;2577;1765;1766;2578;2576;
2578;2577;1766;1767;2579;2261;
2579;2577;1767;1765;2577;2563;
2580;2580;1768;471;2581;2596;
2581;2580;471;1769;2582;2724;
2582;2580;1769;1768;2580;2583;
2583;2583;1768;1769;2584;2582;
2584;2583;1769;1770;2585;2568;
2585;2583;1770;1768;2583;2242;
2586;2586;1771;472;2587;2731;
2587;2586;472;1772;2588;2603;
2588;2586;1772;1771;2586;2589;
2589;2589;1771;1772;2590;2588;
2590;2589;1772;1773;2591;2249;
2591;2589;1773;1771;2589;2575;
2592;2592;1774;1775;2593;2524;
2593;2592;1775;1776;2594;2712;
2594;2592;1776;1774;2592;2595;
2595;2595;1774;1776;2596;2594;
2596;2595;1776;1777;2597;2580;
2597;2595;1777;1774;2595;2230;
2598;2598;1778;1779;2599;2719;
2599;2598;1779;1780;2600;2531;
2600;2598;1780;1778;2598;2601;
2601;2601;1778;1780;2602;2600;
2602;2601;1780;1781;2603;2237;
2603;2601;1781;1778;2601;2587;
2604;2604;1782;477;2605;2693;
2605;2604;477;479;2606;2621;
2606;2604;479;1782;2604;2607;
2607;2607;1782;479;2608;2606;
2608;2607;479;1783;2609;2701;
2609;2607;1783;1782;2607;2497;
2610;2610;480;478;2611;2632;
2611;2610;478;1784;2612;2698;
2612;2610;1784;480;2610;2613;
2613;2613;480;1784;2614;2612;
2614;2613;1784;1785;2615;2502;
2615;2613;1785;480;2613;2706;
2616;2616;1786;483;2617;2677;
2617;2616;483;481;2618;2624;
2618;2616;481;1786;2616;2619;
2619;2619;1786;481;2620;2618;
2620;2619;481;1787;2621;2716;
2621;2619;1787;1786;2619;2605;
2622;2622;483;487;2623;2627;
2623;2622;487;481;2624;2728;
2624;2622;481;483;2622;2617;
2625;2625;483;485;2626;2668;
2626;2625;485;487;2627;2645;
2627;2625;487;483;2625;2622;
2628;2628;482;484;2629;2635;
2629;2628;484;1788;2630;2682;
2630;2628;1788;482;2628;2631;
2631;2631;482;1788;2632;2630;
2632;2631;1788;1789;2633;2610;
2633;2631;1789;482;2631;2723;
2634;2634;488;484;2635;2639;
2635;2634;484;482;2636;2628;
2636;2634;482;488;2634;2735;
2637;2637;488;486;2638;2650;
2638;2637;486;484;2639;2675;
2639;2637;484;488;2637;2634;
2640;2640;1790;491;2641;2653;
2641;2640;491;489;2642;2752;
2642;2640;489;1790;2640;2643;
2643;2643;1790;489;2644;2642;
2644;2643;489;1791;2645;2740;
2645;2643;1791;1790;2643;2626;
2646;2646;490;492;2647;2759;
2647;2646;492;1792;2648;2658;
2648;2646;1792;490;2646;2649;
2649;2649;490;1792;2650;2648;
2650;2649;1792;1793;2651;2637;
2651;2649;1793;490;2649;2747;
2652;2652;1794;1795;2653;2762;
2653;2652;1795;1796;2654;2640;
2654;2652;1796;1794;2652;2655;
2655;2655;1794;1796;2656;2654;
2656;2655;1796;1797;2657;2665;
2657;2655;1797;1794;2655;2533;
2658;2658;1798;1799;2659;2647;
2659;2658;1799;1800;2660;2764;
2660;2658;1800;1798;2658;2661;
2661;2661;1798;1800;2662;2660;
2662;2661;1800;1801;2663;2538;
2663;2661;1801;1798;2661;2670;
2664;2664;1802;1803;2665;2449;
2665;2664;1803;1804;2666;2656;
2666;2664;1804;1802;2664;2667;
2667;2667;1802;1804;2668;2666;
2668;2667;1804;1805;2669;2625;
2669;2667;1805;1802;2667;2676;
2670;2670;1806;1807;2671;2663;
2671;2670;1807;1808;2672;2454;
2672;2670;1808;1806;2670;2673;
2673;2673;1806;1808;2674;2672;
2674;2673;1808;1809;2675;2683;
2675;2673;1809;1806;2673;2638;
2676;2676;1810;1811;2677;2669;
2677;2676;1811;1812;2678;2616;
2678;2676;1812;1810;2676;2679;
2679;2679;1810;1812;2680;2678;
2680;2679;1812;1813;2681;2692;
2681;2679;1813;1810;2679;2461;
2682;2682;1814;1815;2683;2629;
2683;2682;1815;1816;2684;2674;
2684;2682;1816;1814;2682;2685;
2685;2685;1814;1816;2686;2684;
2686;2685;1816;1817;2687;2466;
2687;2685;1817;1814;2685;2699;
2688;2688;1818;1819;2689;2485;
2689;2688;1819;1820;2690;2473;
2690;2688;1820;1818;2688;2691;
2691;2691;1818;1820;2692;2690;
2692;2691;1820;1821;2693;2680;
2693;2691;1821;1818;2691;2604;
2694;2694;1822;1823;2695;2478;
2695;2694;1823;1824;2696;2490;
2696;2694;1824;1822;2694;2697;
2697;2697;1822;1824;2698;2696;
2698;2697;1824;1825;2699;2611;
2699;2697;1825;1822;2697;2687;
2700;2700;1826;1827;2701;2509;
2701;2700;1827;1828;2702;2608;
2702;2700;1828;1826;2700;2703;
2703;2703;1826;1828;2704;2702;
2704;2703;1828;1829;2705;2713;
2705;2703;1829;1826;2703;2521;
2706;2706;1830;1831;2707;2615;
2707;2706;1831;1832;2708;2514;
2708;2706;1832;1830;2706;2709;
2709;2709;1830;1832;2710;2708;
2710;2709;1832;1833;2711;2526;
2711;2709;1833;1830;2709;2718;
2712;2712;1834;1835;2713;2593;
2713;2712;1835;1836;2714;2704;
2714;2712;1836;1834;2712;2715;
2715;2715;1834;1836;2716;2714;
2716;2715;1836;1837;2717;2620;
2717;2715;1837;1834;2715;2725;
2718;2718;1838;1839;2719;2711;
2719;2718;1839;1840;2720;2598;
2720;2718;1840;1838;2718;2721;
2721;2721;1838;1840;2722;2720;
2722;2721;1840;1841;2723;2730;
2723;2721;1841;1838;2721;2633;
2724;2724;1842;1843;2725;2581;
2725;2724;1843;1844;2726;2717;
2726;2724;1844;1842;2724;2727;
2727;2727;1842;1844;2728;2726;
2728;2727;1844;1845;2729;2623;
2729;2727;1845;1842;2727;2737;
2730;2730;1846;1847;2731;2722;
2731;2730;1847;1848;2732;2586;
2732;2730;1848;1846;2730;2733;
2733;2733;1846;1848;2734;2732;
2734;2733;1848;1849;2735;2742;
2735;2733;1849;1846;2733;2636;
2736;2736;1850;1851;2737;2569;
2737;2736;1851;1852;2738;2729;
2738;2736;1852;1850;2736;2739;
2739;2739;1850;1852;2740;2738;
2740;2739;1852;1853;2741;2644;
2741;2739;1853;1850;2739;2749;
2742;2742;1854;1855;2743;2734;
2743;2742;1855;1856;2744;2574;
2744;2742;1856;1854;2742;2745;
2745;2745;1854;1856;2746;2744;
2746;2745;1856;1857;2747;2754;
2747;2745;1857;1854;2745;2651;
2748;2748;1858;1859;2749;2557;
2749;2748;1859;1860;2750;2741;
2750;2748;1860;1858;2748;2751;
2751;2751;1858;1860;2752;2750;
2752;2751;1860;1861;2753;2641;
2753;2751;1861;1858;2751;2761;
2754;2754;1862;1863;2755;2746;
2755;2754;1863;1864;2756;2562;
2756;2754;1864;1862;2754;2757;
2757;2757;1862;1864;2758;2756;
2758;2757;1864;1865;2759;2765;
2759;2757;1865;1862;2757;2646;
2760;2760;1866;1867;2761;2545;
2761;2760;1867;1868;2762;2753;
2762;2760;1868;1866;2760;2652;
2763;2763;1869;1870;2764;2550;
2764;2763;1870;1871;2765;2659;
2765;2763;1871;1869;2763;2758;
2766;2766;1872;501;2767;2782;
2767;2766;501;503;2768;2842;
2768;2766;503;1872;2766;2769;
2769;2769;1872;503;2770;2768;
2770;2769;503;1873;2771;2893;
2771;2769;1873;1872;2769;2214;
2772;2772;504;502;2773;2849;
2773;2772;502;1874;2774;2789;
2774;2772;1874;504;2772;2775;
2775;2775;504;1874;2776;2774;
2776;2775;1874;1875;2777;2221;
2777;2775;1875;504;2775;2898;
2778;2778;1876;499;2779;2794;
2779;2778;499;1877;2780;2851;
2780;2778;1877;1876;2778;2781;
2781;2781;1876;1877;2782;2780;
2782;2781;1877;1878;2783;2766;
2783;2781;1878;1876;2781;2202;
2784;2784;1879;500;2785;2856;
2785;2784;500;1880;2786;2801;
2786;2784;1880;1879;2784;2787;
2787;2787;1879;1880;2788;2786;
2788;2787;1880;1881;2789;2209;
2789;2787;1881;1879;2787;2773;
2790;2790;1882;497;2791;2806;
2791;2790;497;1883;2792;2863;
2792;2790;1883;1882;2790;2793;
2793;2793;1882;1883;2794;2792;
2794;2793;1883;1884;2795;2778;
2795;2793;1884;1882;2793;2190;
2796;2796;1885;498;2797;2867;
2797;2796;498;1886;2798;2813;
2798;2796;1886;1885;2796;2799;
2799;2799;1885;1886;2800;2798;
2800;2799;1886;1887;2801;2197;
2801;2799;1887;1885;2799;2785;
2802;2802;1888;495;2803;2818;
2803;2802;495;1889;2804;2864;
2804;2802;1889;1888;2802;2805;
2805;2805;1888;1889;2806;2804;
2806;2805;1889;1890;2807;2790;
2807;2805;1890;1888;2805;2178;
2808;2808;1891;496;2809;2866;
2809;2808;496;1892;2810;2825;
2810;2808;1892;1891;2808;2811;
2811;2811;1891;1892;2812;2810;
2812;2811;1892;1893;2813;2185;
2813;2811;1893;1891;2811;2797;
2814;2814;1894;493;2815;2830;
2815;2814;493;1895;2816;2855;
2816;2814;1895;1894;2814;2817;
2817;2817;1894;1895;2818;2816;
2818;2817;1895;1896;2819;2802;
2819;2817;1896;1894;2817;2166;
2820;2820;1897;494;2821;2860;
2821;2820;494;1898;2822;2837;
2822;2820;1898;1897;2820;2823;
2823;2823;1897;1898;2824;2822;
2824;2823;1898;1899;2825;2173;
2825;2823;1899;1897;2823;2809;
2826;2826;1900;505;2827;2869;
2827;2826;505;1901;2828;2838;
2828;2826;1901;1900;2826;2829;
2829;2829;1900;1901;2830;2828;
2830;2829;1901;1902;2831;2814;
2831;2829;1902;1900;2829;2159;
2832;2832;1903;506;2833;2845;
2833;2832;506;1904;2834;2874;
2834;2832;1904;1903;2832;2835;
2835;2835;1903;1904;2836;2834;
2836;2835;1904;1905;2837;2164;
2837;2835;1905;1903;2835;2821;
2838;2838;1906;1907;2839;2827;
2839;2838;1907;1908;2840;2884;
2840;2838;1908;1906;2838;2841;
2841;2841;1906;1908;2842;2840;
2842;2841;1908;1909;2843;2767;
2843;2841;1909;1906;2841;2850;
2844;2844;1910;1911;2845;2891;
2845;2844;1911;1912;2846;2832;
2846;2844;1912;1910;2844;2847;
2847;2847;1910;1912;2848;2846;
2848;2847;1912;1913;2849;2857;
2849;2847;1913;1910;2847;2772;
2850;2850;1914;1915;2851;2843;
2851;2850;1915;1916;2852;2779;
2852;2850;1916;1914;2850;2853;
2853;2853;1914;1916;2854;2852;
2854;2853;1916;1917;2855;2862;
2855;2853;1917;1914;2853;2815;
2856;2856;1918;1919;2857;2784;
2857;2856;1919;1920;2858;2848;
2858;2856;1920;1918;2856;2859;
2859;2859;1918;1920;2860;2858;
2860;2859;1920;1921;2861;2820;
2861;2859;1921;1918;2859;2865;
2862;2862;1922;1923;2863;2854;
2863;2862;1923;1924;2864;2791;
2864;2862;1924;1922;2862;2803;
2865;2865;1925;1926;2866;2861;
2866;2865;1926;1927;2867;2808;
2867;2865;1927;1925;2865;2796;
2868;2868;1928;1929;2869;2885;
2869;2868;1929;1930;2870;2826;
2870;2868;1930;1928;2868;2871;
2871;2871;1928;1930;2872;2870;
2872;2871;1930;1931;2873;2334;
2873;2871;1931;1928;2871;2028;
2874;2874;1932;1933;2875;2833;
2875;2874;1933;1934;2876;2890;
2876;2874;1934;1932;2874;2877;
2877;2877;1932;1934;2878;2876;
2878;2877;1934;1935;2879;2035;
2879;2877;1935;1932;2877;2341;
2880;2880;1936;1937;2881;2105;
2881;2880;1937;1938;2882;2896;
2882;2880;1938;1936;2880;2883;
2883;2883;1936;1938;2884;2882;
2884;2883;1938;1939;2885;2839;
2885;2883;1939;1936;2883;2868;
2886;2886;1940;1941;2887;2903;
2887;2886;1941;1942;2888;2110;
2888;2886;1942;1940;2886;2889;
2889;2889;1940;1942;2890;2888;
2890;2889;1942;1943;2891;2875;
2891;2889;1943;1940;2889;2844;
2892;2892;1944;1945;2893;2315;
2893;2892;1945;1946;2894;2770;
2894;2892;1946;1944;2892;2895;
2895;2895;1944;1946;2896;2894;
2896;2895;1946;1947;2897;2881;
2897;2895;1947;1944;2895;2124;
2898;2898;1948;1949;2899;2777;
2899;2898;1949;1950;2900;2320;
2900;2898;1950;1948;2898;2901;
2901;2901;1948;1950;2902;2900;
2902;2901;1950;1951;2903;2131;
2903;2901;1951;1948;2901;2886;
